Country,Year,Age,Sex,Value,Type of skill,earliest_year,most_recent_year,Year_Type
Algeria,2018,ALLAGE,FEMALE,12%,EMAIL,2018,2018,Base
Algeria,2018,25-74,MALE,22%,EMAIL,2018,2018,Base
Algeria,2018,ALLAGE,FEMALE,10%,EMAIL,2018,2018,Base
Algeria,2018,ALLAGE,MALE,22%,EMAIL,2018,2018,Base
Algeria,2018,ALLAGE,FEMALE,12%,TRAF,2018,2018,Base
Algeria,2018,25-74,FEMALE,9%,TRAF,2018,2018,Base
Algeria,2018,ALLAGE,BOTHSEX,17%,TRAF,2018,2018,Base
Algeria,2018,15-24,BOTHSEX,12%,ARSP,2018,2018,Base
Algeria,2018,15-24,FEMALE,11%,ARSP,2018,2018,Base
Algeria,2018,15-24,MALE,14%,ARSP,2018,2018,Base
Algeria,2018,25-74,BOTHSEX,9%,ARSP,2018,2018,Base
Algeria,2018,25-74,FEMALE,5%,ARSP,2018,2018,Base
Algeria,2018,ALLAGE,FEMALE,15%,COPA,2018,2018,Base
Algeria,2018,ALLAGE,MALE,28%,COPA,2018,2018,Base
Algeria,2018,25-74,FEMALE,10%,COPA,2018,2018,Base
Algeria,2018,ALLAGE,BOTHSEX,9%,ARSP,2018,2018,Base
Algeria,2018,15-24,BOTHSEX,25%,COPA,2018,2018,Base
Algeria,2018,15-24,FEMALE,23%,COPA,2018,2018,Base
Algeria,2018,ALLAGE,BOTHSEX,9%,INST,2018,2018,Base
Algeria,2018,ALLAGE,FEMALE,12%,INST,2018,2018,Base
Algeria,2018,ALLAGE,MALE,27%,INST,2018,2018,Base
Algeria,2018,ALLAGE,BOTHSEX,20%,INST,2018,2018,Base
Algeria,2018,ALLAGE,BOTHSEX,16%,INST,2018,2018,Base
Algeria,2018,15-24,BOTHSEX,20%,EMAIL,2018,2018,Base
Algeria,2018,25-74,FEMALE,13%,CMFL,2018,2018,Base
Algeria,2018,15-24,MALE,25%,INST,2018,2018,Base
Algeria,2018,15-24,BOTHSEX,22%,INST,2018,2018,Base
Algeria,2018,15-24,FEMALE,19%,INST,2018,2018,Base
Algeria,2018,ALLAGE,MALE,14%,CMFL,2018,2018,Base
Algeria,2018,15-24,BOTHSEX,21%,SOFT,2018,2018,Base
Algeria,2018,25-74,BOTHSEX,19%,CMFL,2018,2018,Base
Algeria,2018,25-74,FEMALE,9%,SOFT,2018,2018,Base
Algeria,2018,25-74,MALE,20%,SOFT,2018,2018,Base
Algeria,2018,ALLAGE,FEMALE,10%,SOFT,2018,2018,Base
Algeria,2018,25-74,BOTHSEX,15%,INST,2018,2018,Base
Algeria,2018,25-74,BOTHSEX,15%,SOFT,2018,2018,Base
Algeria,2018,ALLAGE,BOTHSEX,11%,ARSP,2018,2018,Base
Algeria,2018,15-24,BOTHSEX,8%,PCPR,2018,2018,Base
Algeria,2018,ALLAGE,BOTHSEX,18%,COPA,2018,2018,Base
Algeria,2018,ALLAGE,BOTHSEX,21%,COPA,2018,2018,Base
Algeria,2018,ALLAGE,MALE,16%,ARSP,2018,2018,Base
Algeria,2018,ALLAGE,BOTHSEX,7%,PCPR,2018,2018,Base
Algeria,2018,ALLAGE,MALE,7%,ARSP,2018,2018,Base
Algeria,2018,ALLAGE,BOTHSEX,6%,ARSP,2018,2018,Base
Algeria,2018,25-74,BOTHSEX,7%,PCPR,2018,2018,Base
Algeria,2018,25-74,FEMALE,4%,PCPR,2018,2018,Base
Algeria,2018,25-74,MALE,10%,PCPR,2018,2018,Base
Algeria,2018,ALLAGE,FEMALE,7%,ARSP,2018,2018,Base
Algeria,2018,ALLAGE,BOTHSEX,16%,EMAIL,2018,2018,Base
Algeria,2018,15-24,FEMALE,22%,TRAF,2018,2018,Base
Algeria,2018,15-24,MALE,27%,TRAF,2018,2018,Base
Algeria,2018,25-74,BOTHSEX,16%,TRAF,2018,2018,Base
Algeria,2018,ALLAGE,FEMALE,3%,EPRS,2018,2018,Base
Algeria,2018,ALLAGE,MALE,5%,EPRS,2018,2018,Base
Algeria,2018,25-74,FEMALE,4%,EPRS,2018,2018,Base
Algeria,2018,ALLAGE,MALE,10%,EPRS,2018,2018,Base
Algeria,2018,25-74,MALE,10%,EPRS,2018,2018,Base
Algeria,2018,ALLAGE,MALE,12%,EPRS,2018,2018,Base
Algeria,2018,ALLAGE,FEMALE,5%,EPRS,2018,2018,Base
Algeria,2018,ALLAGE,BOTHSEX,26%,CMFL,2018,2018,Base
Algeria,2018,ALLAGE,FEMALE,16%,CMFL,2018,2018,Base
Algeria,2018,ALLAGE,BOTHSEX,21%,CMFL,2018,2018,Base
Algeria,2018,ALLAGE,MALE,27%,EMAIL,2018,2018,Base
Algeria,2018,ALLAGE,MALE,12%,EMAIL,2018,2018,Base
Algeria,2018,ALLAGE,BOTHSEX,9%,EMAIL,2018,2018,Base
Algeria,2018,25-74,FEMALE,10%,EMAIL,2018,2018,Base
Algeria,2018,ALLAGE,FEMALE,7%,TRAF,2018,2018,Base
Algeria,2018,ALLAGE,MALE,14%,TRAF,2018,2018,Base
Algeria,2018,ALLAGE,BOTHSEX,11%,TRAF,2018,2018,Base
Algeria,2018,ALLAGE,FEMALE,14%,TRAF,2018,2018,Base
Algeria,2018,ALLAGE,MALE,27%,TRAF,2018,2018,Base
Algeria,2018,ALLAGE,BOTHSEX,20%,TRAF,2018,2018,Base
Algeria,2018,25-74,MALE,13%,ARSP,2018,2018,Base
Algeria,2018,ALLAGE,FEMALE,6%,ARSP,2018,2018,Base
Algeria,2018,ALLAGE,MALE,13%,ARSP,2018,2018,Base
Algeria,2018,ALLAGE,MALE,23%,TRAF,2018,2018,Base
Algeria,2018,ALLAGE,FEMALE,4%,ARSP,2018,2018,Base
Algeria,2018,ALLAGE,BOTHSEX,10%,COPA,2018,2018,Base
Algeria,2018,ALLAGE,MALE,12%,COPA,2018,2018,Base
Algeria,2018,15-24,MALE,27%,COPA,2018,2018,Base
Algeria,2018,25-74,BOTHSEX,16%,COPA,2018,2018,Base
Algeria,2018,25-74,BOTHSEX,16%,EMAIL,2018,2018,Base
Algeria,2018,ALLAGE,FEMALE,13%,COPA,2018,2018,Base
Algeria,2018,ALLAGE,MALE,23%,COPA,2018,2018,Base
Algeria,2018,ALLAGE,FEMALE,8%,COPA,2018,2018,Base
Algeria,2018,ALLAGE,MALE,12%,INST,2018,2018,Base
Algeria,2018,ALLAGE,FEMALE,10%,INST,2018,2018,Base
Algeria,2018,ALLAGE,MALE,22%,INST,2018,2018,Base
Algeria,2018,ALLAGE,FEMALE,6%,INST,2018,2018,Base
Algeria,2018,25-74,MALE,23%,COPA,2018,2018,Base
Algeria,2018,15-24,MALE,25%,EMAIL,2018,2018,Base
Algeria,2018,15-24,FEMALE,15%,EMAIL,2018,2018,Base
Algeria,2018,25-74,FEMALE,8%,INST,2018,2018,Base
Algeria,2018,15-24,FEMALE,18%,SOFT,2018,2018,Base
Algeria,2018,15-24,MALE,24%,SOFT,2018,2018,Base
Algeria,2018,25-74,MALE,26%,CMFL,2018,2018,Base
Algeria,2018,25-74,MALE,22%,INST,2018,2018,Base
Algeria,2018,15-24,BOTHSEX,32%,CMFL,2018,2018,Base
Algeria,2018,15-24,FEMALE,30%,CMFL,2018,2018,Base
Algeria,2018,15-24,MALE,35%,CMFL,2018,2018,Base
Algeria,2018,ALLAGE,FEMALE,6%,SOFT,2018,2018,Base
Algeria,2018,ALLAGE,MALE,21%,SOFT,2018,2018,Base
Algeria,2018,ALLAGE,MALE,10%,SOFT,2018,2018,Base
Algeria,2018,ALLAGE,BOTHSEX,8%,SOFT,2018,2018,Base
Algeria,2018,ALLAGE,FEMALE,12%,SOFT,2018,2018,Base
Algeria,2018,ALLAGE,MALE,26%,SOFT,2018,2018,Base
Algeria,2018,ALLAGE,BOTHSEX,19%,SOFT,2018,2018,Base
Algeria,2018,ALLAGE,BOTHSEX,8%,PCPR,2018,2018,Base
Algeria,2018,ALLAGE,FEMALE,6%,PCPR,2018,2018,Base
Algeria,2018,15-24,FEMALE,6%,PCPR,2018,2018,Base
Algeria,2018,ALLAGE,MALE,5%,PCPR,2018,2018,Base
Algeria,2018,ALLAGE,BOTHSEX,4%,PCPR,2018,2018,Base
Algeria,2018,ALLAGE,MALE,11%,PCPR,2018,2018,Base
Algeria,2018,25-74,MALE,23%,TRAF,2018,2018,Base
Algeria,2018,15-24,MALE,9%,PCPR,2018,2018,Base
Algeria,2018,ALLAGE,FEMALE,5%,PCPR,2018,2018,Base
Algeria,2018,ALLAGE,MALE,9%,PCPR,2018,2018,Base
Algeria,2018,ALLAGE,FEMALE,3%,PCPR,2018,2018,Base
Algeria,2018,15-24,BOTHSEX,25%,TRAF,2018,2018,Base
Algeria,2018,ALLAGE,BOTHSEX,19%,EMAIL,2018,2018,Base
Algeria,2018,ALLAGE,FEMALE,7%,EMAIL,2018,2018,Base
Algeria,2018,ALLAGE,BOTHSEX,4%,EPRS,2018,2018,Base
Algeria,2018,25-74,BOTHSEX,7%,EPRS,2018,2018,Base
Algeria,2018,ALLAGE,FEMALE,5%,EPRS,2018,2018,Base
Algeria,2018,15-24,BOTHSEX,9%,EPRS,2018,2018,Base
Algeria,2018,15-24,FEMALE,8%,EPRS,2018,2018,Base
Algeria,2018,ALLAGE,FEMALE,11%,CMFL,2018,2018,Base
Algeria,2018,15-24,MALE,9%,EPRS,2018,2018,Base
Algeria,2018,ALLAGE,BOTHSEX,13%,CMFL,2018,2018,Base
Algeria,2018,ALLAGE,FEMALE,18%,CMFL,2018,2018,Base
Algeria,2018,ALLAGE,MALE,33%,CMFL,2018,2018,Base
Algeria,2018,ALLAGE,BOTHSEX,9%,EPRS,2018,2018,Base
Algeria,2018,ALLAGE,BOTHSEX,16%,SOFT,2018,2018,Base
Algeria,2018,ALLAGE,BOTHSEX,7%,EPRS,2018,2018,Base
Algeria,2018,ALLAGE,MALE,27%,CMFL,2018,2018,Base
Bahrain,2015,15-24,FEMALE,62%,CMFL,2015,2021,Base
Bahrain,2015,ALLAGE,BOTHSEX,36%,EPRS,2015,2021,Base
Bahrain,2015,ALLAGE,BOTHSEX,41%,SOFT,2015,2021,Base
Bahrain,2015,15-24,MALE,32%,INST,2015,2021,Base
Bahrain,2015,25-74,BOTHSEX,44%,INST,2015,2021,Base
Bahrain,2015,25-74,FEMALE,33%,INST,2015,2021,Base
Bahrain,2015,25-74,MALE,51%,INST,2015,2021,Base
Bahrain,2015,ALLAGE,FEMALE,32%,INST,2015,2021,Base
Bahrain,2015,ALLAGE,MALE,46%,INST,2015,2021,Base
Bahrain,2015,ALLAGE,BOTHSEX,41%,INST,2015,2021,Base
Bahrain,2015,25-74,MALE,62%,COPA,2015,2021,Base
Bahrain,2015,ALLAGE,FEMALE,56%,COPA,2015,2021,Base
Bahrain,2015,ALLAGE,MALE,53%,COPA,2015,2021,Base
Bahrain,2015,15-24,BOTHSEX,7%,PCPR,2015,2021,Base
Bahrain,2015,15-24,FEMALE,7%,PCPR,2015,2021,Base
Bahrain,2015,15-24,MALE,29%,COPA,2015,2021,Base
Bahrain,2015,25-74,MALE,15%,PCPR,2015,2021,Base
Bahrain,2015,25-74,FEMALE,15%,PCPR,2015,2021,Base
Bahrain,2015,ALLAGE,FEMALE,35%,ARSP,2015,2021,Base
Bahrain,2015,ALLAGE,MALE,32%,ARSP,2015,2021,Base
Bahrain,2015,15-24,BOTHSEX,39%,COPA,2015,2021,Base
Bahrain,2015,ALLAGE,MALE,42%,SOFT,2015,2021,Base
Bahrain,2015,15-24,BOTHSEX,48%,EMAIL,2015,2021,Base
Bahrain,2015,15-24,FEMALE,95%,EMAIL,2015,2021,Base
Bahrain,2015,15-24,MALE,28%,EMAIL,2015,2021,Base
Bahrain,2015,25-74,BOTHSEX,65%,EMAIL,2015,2021,Base
Bahrain,2015,15-24,MALE,18%,TRAF,2015,2021,Base
Bahrain,2015,25-74,BOTHSEX,39%,TRAF,2015,2021,Base
Bahrain,2015,25-74,FEMALE,35%,TRAF,2015,2021,Base
Bahrain,2015,25-74,MALE,41%,TRAF,2015,2021,Base
Bahrain,2015,ALLAGE,FEMALE,39%,SOFT,2015,2021,Base
Bahrain,2015,ALLAGE,FEMALE,41%,TRAF,2015,2021,Base
Bahrain,2015,25-74,MALE,50%,SOFT,2015,2021,Base
Bahrain,2015,25-74,BOTHSEX,44%,SOFT,2015,2021,Base
Bahrain,2015,25-74,FEMALE,37%,EPRS,2015,2021,Base
Bahrain,2015,25-74,MALE,39%,EPRS,2015,2021,Base
Bahrain,2015,ALLAGE,FEMALE,40%,EPRS,2015,2021,Base
Bahrain,2015,ALLAGE,MALE,34%,EPRS,2015,2021,Base
Bahrain,2015,15-24,BOTHSEX,32%,SOFT,2015,2021,Base
Bahrain,2015,15-24,FEMALE,56%,SOFT,2015,2021,Base
Bahrain,2015,15-24,MALE,22%,SOFT,2015,2021,Base
Bahrain,2015,25-74,FEMALE,35%,SOFT,2015,2021,Base
Bahrain,2015,ALLAGE,FEMALE,50%,CMFL,2015,2021,Base
Bahrain,2015,ALLAGE,MALE,57%,CMFL,2015,2021,Base
Bahrain,2015,ALLAGE,BOTHSEX,61%,EMAIL,2015,2021,Base
Bahrain,2015,ALLAGE,BOTHSEX,37%,TRAF,2015,2021,Base
Bahrain,2015,ALLAGE,BOTHSEX,33%,ARSP,2015,2021,Base
Bahrain,2015,ALLAGE,BOTHSEX,54%,COPA,2015,2021,Base
Bahrain,2015,ALLAGE,BOTHSEX,13%,PCPR,2015,2021,Base
Bahrain,2015,15-24,BOTHSEX,31%,INST,2015,2021,Base
Bahrain,2015,15-24,FEMALE,30%,INST,2015,2021,Base
Bahrain,2015,25-74,BOTHSEX,59%,CMFL,2015,2021,Base
Bahrain,2015,15-24,MALE,29%,CMFL,2015,2021,Base
Bahrain,2015,15-24,BOTHSEX,39%,CMFL,2015,2021,Base
Bahrain,2015,15-24,FEMALE,63%,COPA,2015,2021,Base
Bahrain,2015,25-74,BOTHSEX,59%,COPA,2015,2021,Base
Bahrain,2015,25-74,FEMALE,54%,COPA,2015,2021,Base
Bahrain,2015,25-74,BOTHSEX,15%,PCPR,2015,2021,Base
Bahrain,2015,15-24,MALE,7%,PCPR,2015,2021,Base
Bahrain,2015,15-24,MALE,14%,ARSP,2015,2021,Base
Bahrain,2015,25-74,BOTHSEX,37%,ARSP,2015,2021,Base
Bahrain,2015,25-74,FEMALE,33%,ARSP,2015,2021,Base
Bahrain,2015,25-74,MALE,39%,ARSP,2015,2021,Base
Bahrain,2015,25-74,FEMALE,52%,EMAIL,2015,2021,Base
Bahrain,2015,25-74,MALE,73%,EMAIL,2015,2021,Base
Bahrain,2015,ALLAGE,FEMALE,61%,EMAIL,2015,2021,Base
Bahrain,2015,ALLAGE,MALE,61%,EMAIL,2015,2021,Base
Bahrain,2015,15-24,BOTHSEX,31%,TRAF,2015,2021,Base
Bahrain,2015,15-24,FEMALE,60%,TRAF,2015,2021,Base
Bahrain,2015,25-74,FEMALE,47%,CMFL,2015,2021,Base
Bahrain,2015,25-74,MALE,67%,CMFL,2015,2021,Base
Bahrain,2015,15-24,BOTHSEX,29%,EPRS,2015,2021,Base
Bahrain,2015,15-24,FEMALE,48%,EPRS,2015,2021,Base
Bahrain,2015,15-24,MALE,21%,EPRS,2015,2021,Base
Bahrain,2015,25-74,BOTHSEX,38%,EPRS,2015,2021,Base
Bahrain,2015,ALLAGE,MALE,35%,TRAF,2015,2021,Base
Bahrain,2015,15-24,BOTHSEX,22%,ARSP,2015,2021,Base
Bahrain,2015,15-24,FEMALE,40%,ARSP,2015,2021,Base
Bahrain,2015,ALLAGE,FEMALE,13%,PCPR,2015,2021,Base
Bahrain,2015,ALLAGE,MALE,13%,PCPR,2015,2021,Base
Bahrain,2015,ALLAGE,BOTHSEX,68%,CMFL,2015,2021,Base
Bahrain,2021,ALLAGE,MALE,33%,EPRS,2015,2021,Most Recent
Bahrain,2021,ALLAGE,BOTHSEX,39%,EPRS,2015,2021,Most Recent
Bahrain,2021,ALLAGE,FEMALE,71%,SOFT,2015,2021,Most Recent
Bahrain,2021,ALLAGE,MALE,62%,SOFT,2015,2021,Most Recent
Bahrain,2021,ALLAGE,BOTHSEX,65%,SOFT,2015,2021,Most Recent
Bahrain,2021,ALLAGE,FEMALE,87%,EMAIL,2015,2021,Most Recent
Bahrain,2021,ALLAGE,BOTHSEX,82%,EMAIL,2015,2021,Most Recent
Bahrain,2021,ALLAGE,FEMALE,63%,TRAF,2015,2021,Most Recent
Bahrain,2021,ALLAGE,MALE,63%,COPA,2015,2021,Most Recent
Bahrain,2021,ALLAGE,BOTHSEX,68%,COPA,2015,2021,Most Recent
Bahrain,2021,ALLAGE,MALE,79%,EMAIL,2015,2021,Most Recent
Bahrain,2021,ALLAGE,FEMALE,42%,INST,2015,2021,Most Recent
Bahrain,2021,ALLAGE,MALE,43%,INST,2015,2021,Most Recent
Bahrain,2021,ALLAGE,BOTHSEX,42%,INST,2015,2021,Most Recent
Bahrain,2021,ALLAGE,FEMALE,48%,EPRS,2015,2021,Most Recent
Bahrain,2021,ALLAGE,MALE,51%,TRAF,2015,2021,Most Recent
Bahrain,2021,ALLAGE,BOTHSEX,55%,TRAF,2015,2021,Most Recent
Bahrain,2021,ALLAGE,FEMALE,49%,ARSP,2015,2021,Most Recent
Bahrain,2021,ALLAGE,MALE,45%,ARSP,2015,2021,Most Recent
Bahrain,2021,ALLAGE,BOTHSEX,46%,ARSP,2015,2021,Most Recent
Bahrain,2021,ALLAGE,FEMALE,77%,COPA,2015,2021,Most Recent
Iran,2015,ALLAGE,FEMALE,28%,CMFL,2015,2021,Base
Iran,2015,ALLAGE,MALE,31%,CMFL,2015,2021,Base
Iran,2015,ALLAGE,BOTHSEX,30%,CMFL,2015,2021,Base
Iran,2015,ALLAGE,BOTHSEX,6%,INST,2015,2021,Base
Iran,2015,15-24,MALE,3%,PCPR,2015,2021,Base
Iran,2015,ALLAGE,FEMALE,7%,COPA,2015,2021,Base
Iran,2015,25-74,BOTHSEX,1%,PCPR,2015,2021,Base
Iran,2015,25-74,MALE,1%,PCPR,2015,2021,Base
Iran,2015,ALLAGE,FEMALE,1%,PCPR,2015,2021,Base
Iran,2015,ALLAGE,MALE,1%,PCPR,2015,2021,Base
Iran,2015,15-24,BOTHSEX,32%,COPA,2015,2021,Base
Iran,2015,15-24,FEMALE,31%,COPA,2015,2021,Base
Iran,2015,15-24,MALE,33%,COPA,2015,2021,Base
Iran,2015,25-74,BOTHSEX,16%,COPA,2015,2021,Base
Iran,2015,25-74,FEMALE,17%,COPA,2015,2021,Base
Iran,2015,25-74,MALE,16%,COPA,2015,2021,Base
Iran,2015,ALLAGE,FEMALE,1%,ARSP,2015,2021,Base
Iran,2015,ALLAGE,MALE,3%,ARSP,2015,2021,Base
Iran,2015,75+,BOTHSEX,1%,TRAF,2015,2021,Base
Iran,2015,75+,FEMALE,3%,TRAF,2015,2021,Base
Iran,2015,75+,MALE,1%,TRAF,2015,2021,Base
Iran,2015,ALLAGE,FEMALE,5%,TRAF,2015,2021,Base
Iran,2015,25-74,BOTHSEX,2%,ARSP,2015,2021,Base
Iran,2015,25-74,FEMALE,1%,ARSP,2015,2021,Base
Iran,2015,25-74,MALE,3%,ARSP,2015,2021,Base
Iran,2015,ALLAGE,FEMALE,2%,ARSP,2015,2021,Base
Iran,2015,ALLAGE,BOTHSEX,16%,TRAF,2015,2021,Base
Iran,2015,75+,MALE,1%,COPA,2015,2021,Base
Iran,2015,ALLAGE,MALE,9%,COPA,2015,2021,Base
Iran,2015,ALLAGE,FEMALE,6%,EPRS,2015,2021,Base
Iran,2015,<15Y,BOTHSEX,3%,EPRS,2015,2021,Base
Iran,2015,<15Y,FEMALE,3%,EPRS,2015,2021,Base
Iran,2015,<15Y,MALE,3%,EPRS,2015,2021,Base
Iran,2015,ALLAGE,MALE,8%,EPRS,2015,2021,Base
Iran,2015,ALLAGE,FEMALE,2%,EPRS,2015,2021,Base
Iran,2015,25-74,BOTHSEX,10%,SOFT,2015,2021,Base
Iran,2015,25-74,MALE,7%,EPRS,2015,2021,Base
Iran,2015,25-74,FEMALE,8%,SOFT,2015,2021,Base
Iran,2015,25-74,FEMALE,5%,EPRS,2015,2021,Base
Iran,2015,15-24,MALE,15%,EPRS,2015,2021,Base
Iran,2015,<15Y,BOTHSEX,23%,CMFL,2015,2021,Base
Iran,2015,ALLAGE,FEMALE,33%,CMFL,2015,2021,Base
Iran,2015,ALLAGE,MALE,35%,CMFL,2015,2021,Base
Iran,2015,ALLAGE,BOTHSEX,34%,CMFL,2015,2021,Base
Iran,2015,15-24,BOTHSEX,14%,EPRS,2015,2021,Base
Iran,2015,15-24,FEMALE,13%,EPRS,2015,2021,Base
Iran,2015,25-74,BOTHSEX,6%,EPRS,2015,2021,Base
Iran,2015,ALLAGE,FEMALE,23%,EMAIL,2015,2021,Base
Iran,2015,ALLAGE,MALE,25%,EMAIL,2015,2021,Base
Iran,2015,ALLAGE,BOTHSEX,24%,EMAIL,2015,2021,Base
Iran,2015,15-24,BOTHSEX,22%,TRAF,2015,2021,Base
Iran,2015,15-24,FEMALE,21%,TRAF,2015,2021,Base
Iran,2015,15-24,MALE,23%,TRAF,2015,2021,Base
Iran,2015,<15Y,FEMALE,2%,SOFT,2015,2021,Base
Iran,2015,<15Y,MALE,2%,SOFT,2015,2021,Base
Iran,2015,ALLAGE,MALE,14%,SOFT,2015,2021,Base
Iran,2015,ALLAGE,FEMALE,3%,SOFT,2015,2021,Base
Iran,2015,ALLAGE,MALE,6%,SOFT,2015,2021,Base
Iran,2015,ALLAGE,BOTHSEX,4%,SOFT,2015,2021,Base
Iran,2015,ALLAGE,FEMALE,18%,EMAIL,2015,2021,Base
Iran,2015,ALLAGE,BOTHSEX,14%,SOFT,2015,2021,Base
Iran,2015,<15Y,BOTHSEX,5%,TRAF,2015,2021,Base
Iran,2015,25-74,MALE,27%,CMFL,2015,2021,Base
Iran,2015,25-74,BOTHSEX,26%,CMFL,2015,2021,Base
Iran,2015,15-24,MALE,12%,INST,2015,2021,Base
Iran,2015,ALLAGE,FEMALE,5%,INST,2015,2021,Base
Iran,2015,ALLAGE,MALE,8%,INST,2015,2021,Base
Iran,2015,ALLAGE,BOTHSEX,7%,INST,2015,2021,Base
Iran,2015,15-24,BOTHSEX,46%,CMFL,2015,2021,Base
Iran,2015,15-24,FEMALE,43%,CMFL,2015,2021,Base
Iran,2015,15-24,MALE,48%,CMFL,2015,2021,Base
Iran,2015,ALLAGE,BOTHSEX,7%,EPRS,2015,2021,Base
Iran,2015,ALLAGE,BOTHSEX,12%,SOFT,2015,2021,Base
Iran,2015,ALLAGE,BOTHSEX,20%,EMAIL,2015,2021,Base
Iran,2015,ALLAGE,BOTHSEX,13%,TRAF,2015,2021,Base
Iran,2015,ALLAGE,BOTHSEX,2%,ARSP,2015,2021,Base
Iran,2015,ALLAGE,BOTHSEX,18%,COPA,2015,2021,Base
Iran,2015,ALLAGE,BOTHSEX,1%,PCPR,2015,2021,Base
Iran,2015,ALLAGE,BOTHSEX,1%,PCPR,2015,2021,Base
Iran,2015,ALLAGE,MALE,2%,PCPR,2015,2021,Base
Iran,2015,ALLAGE,BOTHSEX,8%,COPA,2015,2021,Base
Iran,2015,ALLAGE,FEMALE,21%,COPA,2015,2021,Base
Iran,2015,ALLAGE,MALE,21%,COPA,2015,2021,Base
Iran,2015,ALLAGE,BOTHSEX,21%,COPA,2015,2021,Base
Iran,2015,15-24,BOTHSEX,3%,PCPR,2015,2021,Base
Iran,2015,15-24,FEMALE,2%,PCPR,2015,2021,Base
Iran,2015,ALLAGE,FEMALE,0%,PCPR,2015,2021,Base
Iran,2015,ALLAGE,MALE,1%,PCPR,2015,2021,Base
Iran,2015,ALLAGE,BOTHSEX,0%,PCPR,2015,2021,Base
Iran,2015,ALLAGE,FEMALE,1%,PCPR,2015,2021,Base
Iran,2015,25-74,FEMALE,1%,PCPR,2015,2021,Base
Iran,2015,ALLAGE,FEMALE,2%,ARSP,2015,2021,Base
Iran,2015,ALLAGE,MALE,3%,ARSP,2015,2021,Base
Iran,2015,ALLAGE,BOTHSEX,3%,ARSP,2015,2021,Base
Iran,2015,ALLAGE,FEMALE,18%,COPA,2015,2021,Base
Iran,2015,<15Y,BOTHSEX,8%,COPA,2015,2021,Base
Iran,2015,<15Y,FEMALE,8%,COPA,2015,2021,Base
Iran,2015,<15Y,MALE,8%,COPA,2015,2021,Base
Iran,2015,ALLAGE,MALE,18%,COPA,2015,2021,Base
Iran,2015,75+,BOTHSEX,2%,COPA,2015,2021,Base
Iran,2015,ALLAGE,BOTHSEX,1%,ARSP,2015,2021,Base
Iran,2015,ALLAGE,MALE,1%,ARSP,2015,2021,Base
Iran,2015,ALLAGE,MALE,6%,TRAF,2015,2021,Base
Iran,2015,ALLAGE,BOTHSEX,6%,TRAF,2015,2021,Base
Iran,2015,ALLAGE,FEMALE,16%,TRAF,2015,2021,Base
Iran,2015,75+,FEMALE,3%,COPA,2015,2021,Base
Iran,2015,ALLAGE,MALE,16%,TRAF,2015,2021,Base
Iran,2015,15-24,BOTHSEX,4%,ARSP,2015,2021,Base
Iran,2015,15-24,FEMALE,3%,ARSP,2015,2021,Base
Iran,2015,15-24,MALE,5%,ARSP,2015,2021,Base
Iran,2015,ALLAGE,MALE,3%,EPRS,2015,2021,Base
Iran,2015,ALLAGE,BOTHSEX,2%,EPRS,2015,2021,Base
Iran,2015,ALLAGE,FEMALE,7%,EPRS,2015,2021,Base
Iran,2015,ALLAGE,MALE,9%,EPRS,2015,2021,Base
Iran,2015,ALLAGE,BOTHSEX,8%,EPRS,2015,2021,Base
Iran,2015,15-24,BOTHSEX,24%,SOFT,2015,2021,Base
Iran,2015,15-24,FEMALE,22%,SOFT,2015,2021,Base
Iran,2015,15-24,MALE,27%,SOFT,2015,2021,Base
Iran,2015,<15Y,FEMALE,22%,CMFL,2015,2021,Base
Iran,2015,<15Y,MALE,24%,CMFL,2015,2021,Base
Iran,2015,75+,BOTHSEX,2%,CMFL,2015,2021,Base
Iran,2015,75+,FEMALE,3%,CMFL,2015,2021,Base
Iran,2015,75+,MALE,2%,CMFL,2015,2021,Base
Iran,2015,ALLAGE,FEMALE,12%,CMFL,2015,2021,Base
Iran,2015,ALLAGE,MALE,16%,CMFL,2015,2021,Base
Iran,2015,ALLAGE,BOTHSEX,14%,CMFL,2015,2021,Base
Iran,2015,25-74,MALE,12%,SOFT,2015,2021,Base
Iran,2015,ALLAGE,FEMALE,10%,SOFT,2015,2021,Base
Iran,2015,<15Y,BOTHSEX,2%,SOFT,2015,2021,Base
Iran,2015,75+,BOTHSEX,0%,EMAIL,2015,2021,Base
Iran,2015,75+,MALE,0%,EMAIL,2015,2021,Base
Iran,2015,ALLAGE,FEMALE,5%,EMAIL,2015,2021,Base
Iran,2015,ALLAGE,MALE,9%,EMAIL,2015,2021,Base
Iran,2015,ALLAGE,BOTHSEX,7%,EMAIL,2015,2021,Base
Iran,2015,25-74,BOTHSEX,13%,TRAF,2015,2021,Base
Iran,2015,25-74,FEMALE,14%,TRAF,2015,2021,Base
Iran,2015,25-74,MALE,12%,TRAF,2015,2021,Base
Iran,2015,ALLAGE,FEMALE,13%,TRAF,2015,2021,Base
Iran,2015,ALLAGE,MALE,21%,EMAIL,2015,2021,Base
Iran,2015,<15Y,MALE,2%,EMAIL,2015,2021,Base
Iran,2015,<15Y,FEMALE,2%,EMAIL,2015,2021,Base
Iran,2015,<15Y,BOTHSEX,2%,EMAIL,2015,2021,Base
Iran,2015,ALLAGE,FEMALE,12%,SOFT,2015,2021,Base
Iran,2015,ALLAGE,MALE,16%,SOFT,2015,2021,Base
Iran,2015,15-24,BOTHSEX,34%,EMAIL,2015,2021,Base
Iran,2015,15-24,FEMALE,33%,EMAIL,2015,2021,Base
Iran,2015,15-24,MALE,34%,EMAIL,2015,2021,Base
Iran,2015,25-74,BOTHSEX,20%,EMAIL,2015,2021,Base
Iran,2015,25-74,FEMALE,18%,EMAIL,2015,2021,Base
Iran,2015,25-74,MALE,22%,EMAIL,2015,2021,Base
Iran,2015,25-74,BOTHSEX,6%,INST,2015,2021,Base
Iran,2015,25-74,FEMALE,4%,INST,2015,2021,Base
Iran,2015,25-74,MALE,7%,INST,2015,2021,Base
Iran,2015,ALLAGE,FEMALE,4%,INST,2015,2021,Base
Iran,2015,ALLAGE,MALE,7%,INST,2015,2021,Base
Iran,2015,ALLAGE,FEMALE,1%,INST,2015,2021,Base
Iran,2015,ALLAGE,MALE,3%,INST,2015,2021,Base
Iran,2015,ALLAGE,BOTHSEX,2%,INST,2015,2021,Base
Iran,2015,15-24,FEMALE,8%,INST,2015,2021,Base
Iran,2015,15-24,BOTHSEX,10%,INST,2015,2021,Base
Iran,2015,25-74,FEMALE,26%,CMFL,2015,2021,Base
Iran,2015,<15Y,FEMALE,4%,TRAF,2015,2021,Base
Iran,2015,<15Y,MALE,6%,TRAF,2015,2021,Base
Iran,2015,ALLAGE,MALE,13%,TRAF,2015,2021,Base
Iran,2021,<15Y,BOTHSEX,0%,SCRTY,2015,2021,Most Recent
Iran,2021,<15Y,FEMALE,0%,SCRTY,2015,2021,Most Recent
Iran,2021,<15Y,MALE,0%,SCRTY,2015,2021,Most Recent
Iran,2021,ALLAGE,MALE,1%,SCRTY,2015,2021,Most Recent
Iran,2021,ALLAGE,FEMALE,0%,SCRTY,2015,2021,Most Recent
Iran,2021,ALLAGE,MALE,0%,SCRTY,2015,2021,Most Recent
Iran,2021,15-24,BOTHSEX,2%,PRVCY,2015,2021,Most Recent
Iran,2021,15-24,FEMALE,2%,PRVCY,2015,2021,Most Recent
Iran,2021,15-24,MALE,3%,PRVCY,2015,2021,Most Recent
Iran,2021,25-74,BOTHSEX,1%,PRVCY,2015,2021,Most Recent
Iran,2021,25-74,FEMALE,1%,PRVCY,2015,2021,Most Recent
Iran,2021,25-74,MALE,2%,PRVCY,2015,2021,Most Recent
Iran,2021,ALLAGE,FEMALE,1%,PRVCY,2015,2021,Most Recent
Iran,2021,ALLAGE,MALE,2%,PRVCY,2015,2021,Most Recent
Iran,2021,<15Y,FEMALE,0%,PRVCY,2015,2021,Most Recent
Iran,2021,<15Y,BOTHSEX,1%,INST,2015,2021,Most Recent
Iran,2021,15-24,BOTHSEX,2%,VRFY,2015,2021,Most Recent
Iran,2021,15-24,MALE,3%,VRFY,2015,2021,Most Recent
Iran,2021,ALLAGE,MALE,1%,VRFY,2015,2021,Most Recent
Iran,2021,ALLAGE,MALE,0%,VRFY,2015,2021,Most Recent
Iran,2021,ALLAGE,BOTHSEX,0%,VRFY,2015,2021,Most Recent
Iran,2021,ALLAGE,FEMALE,1%,VRFY,2015,2021,Most Recent
Iran,2021,ALLAGE,MALE,2%,VRFY,2015,2021,Most Recent
Iran,2021,ALLAGE,BOTHSEX,1%,VRFY,2015,2021,Most Recent
Iran,2021,75+,FEMALE,0%,ARSP,2015,2021,Most Recent
Iran,2021,75+,MALE,0%,ARSP,2015,2021,Most Recent
Iran,2021,ALLAGE,FEMALE,1%,ARSP,2015,2021,Most Recent
Iran,2021,ALLAGE,MALE,2%,ARSP,2015,2021,Most Recent
Iran,2021,ALLAGE,BOTHSEX,1%,ARSP,2015,2021,Most Recent
Iran,2021,ALLAGE,FEMALE,3%,ARSP,2015,2021,Most Recent
Iran,2021,<15Y,MALE,4%,TRAF,2015,2021,Most Recent
Iran,2021,ALLAGE,MALE,8%,TRAF,2015,2021,Most Recent
Iran,2021,75+,BOTHSEX,0%,TRAF,2015,2021,Most Recent
Iran,2021,75+,FEMALE,0%,TRAF,2015,2021,Most Recent
Iran,2021,75+,MALE,0%,TRAF,2015,2021,Most Recent
Iran,2021,ALLAGE,FEMALE,7%,TRAF,2015,2021,Most Recent
Iran,2021,15-24,BOTHSEX,25%,COPA,2015,2021,Most Recent
Iran,2021,15-24,FEMALE,23%,COPA,2015,2021,Most Recent
Iran,2021,15-24,MALE,26%,COPA,2015,2021,Most Recent
Iran,2021,15-24,MALE,3%,PCPR,2015,2021,Most Recent
Iran,2021,25-74,BOTHSEX,1%,PCPR,2015,2021,Most Recent
Iran,2021,25-74,FEMALE,1%,PCPR,2015,2021,Most Recent
Iran,2021,75+,MALE,0%,PCPR,2015,2021,Most Recent
Iran,2021,ALLAGE,FEMALE,0%,PCPR,2015,2021,Most Recent
Iran,2021,ALLAGE,MALE,1%,PCPR,2015,2021,Most Recent
Iran,2021,ALLAGE,BOTHSEX,0%,PCPR,2015,2021,Most Recent
Iran,2021,15-24,FEMALE,2%,PCPR,2015,2021,Most Recent
Iran,2021,15-24,BOTHSEX,2%,PCPR,2015,2021,Most Recent
Iran,2021,<15Y,MALE,21%,COPA,2015,2021,Most Recent
Iran,2021,ALLAGE,FEMALE,10%,TRAF,2015,2021,Most Recent
Iran,2021,ALLAGE,MALE,17%,COPA,2015,2021,Most Recent
Iran,2021,75+,FEMALE,1%,COPA,2015,2021,Most Recent
Iran,2021,75+,MALE,2%,COPA,2015,2021,Most Recent
Iran,2021,ALLAGE,FEMALE,12%,COPA,2015,2021,Most Recent
Iran,2021,<15Y,MALE,15%,EPRS,2015,2021,Most Recent
Iran,2021,ALLAGE,MALE,6%,EPRS,2015,2021,Most Recent
Iran,2021,ALLAGE,FEMALE,4%,EPRS,2015,2021,Most Recent
Iran,2021,ALLAGE,MALE,5%,EPRS,2015,2021,Most Recent
Iran,2021,ALLAGE,BOTHSEX,4%,EPRS,2015,2021,Most Recent
Iran,2021,ALLAGE,FEMALE,5%,EPRS,2015,2021,Most Recent
Iran,2021,25-74,MALE,7%,SOFT,2015,2021,Most Recent
Iran,2021,<15Y,FEMALE,18%,EPRS,2015,2021,Most Recent
Iran,2021,ALLAGE,FEMALE,8%,SOFT,2015,2021,Most Recent
Iran,2021,<15Y,BOTHSEX,16%,EPRS,2015,2021,Most Recent
Iran,2021,25-74,MALE,3%,EPRS,2015,2021,Most Recent
Iran,2021,<15Y,FEMALE,1%,INST,2015,2021,Most Recent
Iran,2021,ALLAGE,BOTHSEX,3%,INST,2015,2021,Most Recent
Iran,2021,15-24,BOTHSEX,8%,EPRS,2015,2021,Most Recent
Iran,2021,15-24,FEMALE,7%,EPRS,2015,2021,Most Recent
Iran,2021,15-24,MALE,8%,EPRS,2015,2021,Most Recent
Iran,2021,25-74,BOTHSEX,2%,EPRS,2015,2021,Most Recent
Iran,2021,25-74,FEMALE,2%,EPRS,2015,2021,Most Recent
Iran,2021,75+,MALE,1%,EMAIL,2015,2021,Most Recent
Iran,2021,ALLAGE,FEMALE,10%,EMAIL,2015,2021,Most Recent
Iran,2021,ALLAGE,MALE,6%,EMAIL,2015,2021,Most Recent
Iran,2021,ALLAGE,BOTHSEX,8%,EMAIL,2015,2021,Most Recent
Iran,2021,ALLAGE,FEMALE,12%,EMAIL,2015,2021,Most Recent
Iran,2021,ALLAGE,MALE,12%,EMAIL,2015,2021,Most Recent
Iran,2021,25-74,MALE,9%,EMAIL,2015,2021,Most Recent
Iran,2021,ALLAGE,MALE,7%,SOFT,2015,2021,Most Recent
Iran,2021,75+,BOTHSEX,1%,SOFT,2015,2021,Most Recent
Iran,2021,75+,FEMALE,0%,SOFT,2015,2021,Most Recent
Iran,2021,75+,MALE,1%,SOFT,2015,2021,Most Recent
Iran,2021,ALLAGE,FEMALE,7%,SOFT,2015,2021,Most Recent
Iran,2021,15-24,MALE,13%,EMAIL,2015,2021,Most Recent
Iran,2021,25-74,BOTHSEX,9%,EMAIL,2015,2021,Most Recent
Iran,2021,25-74,FEMALE,10%,EMAIL,2015,2021,Most Recent
Iran,2021,ALLAGE,MALE,9%,SOFT,2015,2021,Most Recent
Iran,2021,ALLAGE,MALE,2%,PCPR,2015,2021,Most Recent
Iran,2021,ALLAGE,BOTHSEX,2%,PCPR,2015,2021,Most Recent
Iran,2021,25-74,BOTHSEX,3%,INST,2015,2021,Most Recent
Iran,2021,15-24,MALE,1%,SCRTY,2015,2021,Most Recent
Iran,2021,25-74,BOTHSEX,0%,SCRTY,2015,2021,Most Recent
Iran,2021,25-74,FEMALE,0%,SCRTY,2015,2021,Most Recent
Iran,2021,25-74,MALE,1%,SCRTY,2015,2021,Most Recent
Iran,2021,ALLAGE,FEMALE,0%,SCRTY,2015,2021,Most Recent
Iran,2021,ALLAGE,BOTHSEX,0%,SCRTY,2015,2021,Most Recent
Iran,2021,ALLAGE,FEMALE,0%,SCRTY,2015,2021,Most Recent
Iran,2021,ALLAGE,MALE,1%,SCRTY,2015,2021,Most Recent
Iran,2021,ALLAGE,BOTHSEX,1%,SCRTY,2015,2021,Most Recent
Iran,2021,15-24,FEMALE,1%,SCRTY,2015,2021,Most Recent
Iran,2021,15-24,BOTHSEX,1%,SCRTY,2015,2021,Most Recent
Iran,2021,ALLAGE,BOTHSEX,1%,PRVCY,2015,2021,Most Recent
Iran,2021,ALLAGE,BOTHSEX,2%,PRVCY,2015,2021,Most Recent
Iran,2021,ALLAGE,FEMALE,1%,PRVCY,2015,2021,Most Recent
Iran,2021,ALLAGE,BOTHSEX,0%,SCRTY,2015,2021,Most Recent
Iran,2021,<15Y,BOTHSEX,0%,PRVCY,2015,2021,Most Recent
Iran,2021,<15Y,MALE,0%,PRVCY,2015,2021,Most Recent
Iran,2021,ALLAGE,MALE,2%,PRVCY,2015,2021,Most Recent
Iran,2021,ALLAGE,FEMALE,0%,PRVCY,2015,2021,Most Recent
Iran,2021,ALLAGE,MALE,0%,PRVCY,2015,2021,Most Recent
Iran,2021,ALLAGE,BOTHSEX,0%,PRVCY,2015,2021,Most Recent
Iran,2021,25-74,BOTHSEX,1%,VRFY,2015,2021,Most Recent
Iran,2021,25-74,FEMALE,1%,VRFY,2015,2021,Most Recent
Iran,2021,25-74,MALE,1%,VRFY,2015,2021,Most Recent
Iran,2021,ALLAGE,FEMALE,1%,VRFY,2015,2021,Most Recent
Iran,2021,<15Y,BOTHSEX,0%,VRFY,2015,2021,Most Recent
Iran,2021,<15Y,FEMALE,0%,VRFY,2015,2021,Most Recent
Iran,2021,<15Y,MALE,0%,VRFY,2015,2021,Most Recent
Iran,2021,15-24,FEMALE,2%,VRFY,2015,2021,Most Recent
Iran,2021,ALLAGE,BOTHSEX,1%,VRFY,2015,2021,Most Recent
Iran,2021,25-74,MALE,5%,ARSP,2015,2021,Most Recent
Iran,2021,ALLAGE,FEMALE,3%,ARSP,2015,2021,Most Recent
Iran,2021,<15Y,BOTHSEX,0%,ARSP,2015,2021,Most Recent
Iran,2021,<15Y,FEMALE,0%,ARSP,2015,2021,Most Recent
Iran,2021,<15Y,MALE,0%,ARSP,2015,2021,Most Recent
Iran,2021,ALLAGE,MALE,5%,ARSP,2015,2021,Most Recent
Iran,2021,75+,BOTHSEX,0%,ARSP,2015,2021,Most Recent
Iran,2021,ALLAGE,MALE,5%,ARSP,2015,2021,Most Recent
Iran,2021,ALLAGE,BOTHSEX,4%,ARSP,2015,2021,Most Recent
Iran,2021,25-74,FEMALE,3%,ARSP,2015,2021,Most Recent
Iran,2021,ALLAGE,BOTHSEX,4%,ARSP,2015,2021,Most Recent
Iran,2021,25-74,BOTHSEX,4%,ARSP,2015,2021,Most Recent
Iran,2021,15-24,FEMALE,6%,ARSP,2015,2021,Most Recent
Iran,2021,<15Y,BOTHSEX,4%,TRAF,2015,2021,Most Recent
Iran,2021,<15Y,FEMALE,4%,TRAF,2015,2021,Most Recent
Iran,2021,ALLAGE,MALE,3%,TRAF,2015,2021,Most Recent
Iran,2021,ALLAGE,BOTHSEX,5%,TRAF,2015,2021,Most Recent
Iran,2021,ALLAGE,FEMALE,11%,TRAF,2015,2021,Most Recent
Iran,2021,ALLAGE,MALE,10%,TRAF,2015,2021,Most Recent
Iran,2021,ALLAGE,BOTHSEX,10%,TRAF,2015,2021,Most Recent
Iran,2021,ALLAGE,BOTHSEX,9%,TRAF,2015,2021,Most Recent
Iran,2021,15-24,BOTHSEX,6%,ARSP,2015,2021,Most Recent
Iran,2021,15-24,MALE,7%,ARSP,2015,2021,Most Recent
Iran,2021,25-74,MALE,2%,PCPR,2015,2021,Most Recent
Iran,2021,ALLAGE,FEMALE,1%,PCPR,2015,2021,Most Recent
Iran,2021,<15Y,BOTHSEX,1%,PCPR,2015,2021,Most Recent
Iran,2021,<15Y,FEMALE,0%,PCPR,2015,2021,Most Recent
Iran,2021,<15Y,MALE,1%,PCPR,2015,2021,Most Recent
Iran,2021,ALLAGE,MALE,2%,PCPR,2015,2021,Most Recent
Iran,2021,75+,BOTHSEX,0%,PCPR,2015,2021,Most Recent
Iran,2021,75+,FEMALE,0%,PCPR,2015,2021,Most Recent
Iran,2021,ALLAGE,BOTHSEX,17%,COPA,2015,2021,Most Recent
Iran,2021,ALLAGE,BOTHSEX,19%,COPA,2015,2021,Most Recent
Iran,2021,25-74,BOTHSEX,15%,COPA,2015,2021,Most Recent
Iran,2021,25-74,FEMALE,15%,COPA,2015,2021,Most Recent
Iran,2021,25-74,MALE,15%,COPA,2015,2021,Most Recent
Iran,2021,ALLAGE,FEMALE,17%,COPA,2015,2021,Most Recent
Iran,2021,<15Y,BOTHSEX,23%,COPA,2015,2021,Most Recent
Iran,2021,<15Y,FEMALE,24%,COPA,2015,2021,Most Recent
Iran,2021,ALLAGE,MALE,9%,COPA,2015,2021,Most Recent
Iran,2021,ALLAGE,BOTHSEX,11%,COPA,2015,2021,Most Recent
Iran,2021,ALLAGE,FEMALE,18%,COPA,2015,2021,Most Recent
Iran,2021,ALLAGE,MALE,20%,COPA,2015,2021,Most Recent
Iran,2021,75+,BOTHSEX,1%,COPA,2015,2021,Most Recent
Iran,2021,ALLAGE,FEMALE,1%,PCPR,2015,2021,Most Recent
Iran,2021,25-74,MALE,8%,TRAF,2015,2021,Most Recent
Iran,2021,25-74,BOTHSEX,9%,TRAF,2015,2021,Most Recent
Iran,2021,ALLAGE,MALE,6%,EPRS,2015,2021,Most Recent
Iran,2021,ALLAGE,BOTHSEX,6%,EPRS,2015,2021,Most Recent
Iran,2021,ALLAGE,BOTHSEX,5%,EPRS,2015,2021,Most Recent
Iran,2021,15-24,BOTHSEX,12%,SOFT,2015,2021,Most Recent
Iran,2021,15-24,FEMALE,11%,SOFT,2015,2021,Most Recent
Iran,2021,15-24,MALE,13%,SOFT,2015,2021,Most Recent
Iran,2021,25-74,BOTHSEX,8%,SOFT,2015,2021,Most Recent
Iran,2021,25-74,FEMALE,9%,SOFT,2015,2021,Most Recent
Iran,2021,<15Y,MALE,1%,INST,2015,2021,Most Recent
Iran,2021,ALLAGE,MALE,4%,INST,2015,2021,Most Recent
Iran,2021,ALLAGE,FEMALE,0%,INST,2015,2021,Most Recent
Iran,2021,ALLAGE,MALE,1%,INST,2015,2021,Most Recent
Iran,2021,ALLAGE,BOTHSEX,1%,INST,2015,2021,Most Recent
Iran,2021,ALLAGE,FEMALE,3%,INST,2015,2021,Most Recent
Iran,2021,ALLAGE,MALE,4%,INST,2015,2021,Most Recent
Iran,2021,ALLAGE,BOTHSEX,4%,INST,2015,2021,Most Recent
Iran,2021,ALLAGE,FEMALE,5%,EPRS,2015,2021,Most Recent
Iran,2021,<15Y,BOTHSEX,3%,SOFT,2015,2021,Most Recent
Iran,2021,<15Y,FEMALE,3%,SOFT,2015,2021,Most Recent
Iran,2021,<15Y,MALE,3%,SOFT,2015,2021,Most Recent
Iran,2021,<15Y,MALE,15%,EMAIL,2015,2021,Most Recent
Iran,2021,ALLAGE,MALE,10%,EMAIL,2015,2021,Most Recent
Iran,2021,75+,BOTHSEX,1%,EMAIL,2015,2021,Most Recent
Iran,2021,75+,FEMALE,1%,EMAIL,2015,2021,Most Recent
Iran,2021,ALLAGE,BOTHSEX,12%,EMAIL,2015,2021,Most Recent
Iran,2021,ALLAGE,BOTHSEX,11%,EMAIL,2015,2021,Most Recent
Iran,2021,15-24,BOTHSEX,15%,TRAF,2015,2021,Most Recent
Iran,2021,15-24,FEMALE,15%,TRAF,2015,2021,Most Recent
Iran,2021,15-24,MALE,15%,TRAF,2015,2021,Most Recent
Iran,2021,<15Y,FEMALE,17%,EMAIL,2015,2021,Most Recent
Iran,2021,<15Y,BOTHSEX,16%,EMAIL,2015,2021,Most Recent
Iran,2021,ALLAGE,FEMALE,11%,EMAIL,2015,2021,Most Recent
Iran,2021,ALLAGE,MALE,3%,SOFT,2015,2021,Most Recent
Iran,2021,ALLAGE,BOTHSEX,5%,SOFT,2015,2021,Most Recent
Iran,2021,25-74,FEMALE,10%,TRAF,2015,2021,Most Recent
Iran,2021,ALLAGE,FEMALE,8%,SOFT,2015,2021,Most Recent
Iran,2021,ALLAGE,BOTHSEX,9%,SOFT,2015,2021,Most Recent
Iran,2021,ALLAGE,BOTHSEX,8%,SOFT,2015,2021,Most Recent
Iran,2021,15-24,BOTHSEX,13%,EMAIL,2015,2021,Most Recent
Iran,2021,15-24,FEMALE,12%,EMAIL,2015,2021,Most Recent
Iran,2021,ALLAGE,BOTHSEX,1%,PCPR,2015,2021,Most Recent
Iran,2021,25-74,MALE,4%,INST,2015,2021,Most Recent
Iran,2021,ALLAGE,FEMALE,0%,VRFY,2015,2021,Most Recent
Iran,2021,ALLAGE,FEMALE,2%,INST,2015,2021,Most Recent
Iran,2021,25-74,FEMALE,2%,INST,2015,2021,Most Recent
Iran,2021,15-24,BOTHSEX,6%,INST,2015,2021,Most Recent
Iran,2021,15-24,FEMALE,5%,INST,2015,2021,Most Recent
Iran,2021,15-24,MALE,6%,INST,2015,2021,Most Recent
Iraq,2014,ALLAGE,BOTHSEX,7%,TRAF,2014,2019,Base
Iraq,2014,ALLAGE,BOTHSEX,38%,EMAIL,2014,2019,Base
Iraq,2014,ALLAGE,BOTHSEX,23%,SOFT,2014,2019,Base
Iraq,2014,ALLAGE,BOTHSEX,7%,EPRS,2014,2019,Base
Iraq,2014,ALLAGE,BOTHSEX,8%,INST,2014,2019,Base
Iraq,2014,ALLAGE,BOTHSEX,7%,ARSP,2014,2019,Base
Iraq,2014,ALLAGE,BOTHSEX,25%,COPA,2014,2019,Base
Iraq,2014,ALLAGE,BOTHSEX,5%,PCPR,2014,2019,Base
Iraq,2014,ALLAGE,BOTHSEX,49%,CMFL,2014,2019,Base
Iraq,2019,ALLAGE,BOTHSEX,1%,TRAF,2014,2019,Most Recent
Iraq,2019,ALLAGE,BOTHSEX,1%,ARSP,2014,2019,Most Recent
Iraq,2019,ALLAGE,BOTHSEX,1%,COPA,2014,2019,Most Recent
Iraq,2019,ALLAGE,BOTHSEX,0%,PCPR,2014,2019,Most Recent
Iraq,2019,ALLAGE,BOTHSEX,1%,INST,2014,2019,Most Recent
Iraq,2019,ALLAGE,BOTHSEX,1%,EPRS,2014,2019,Most Recent
Iraq,2019,ALLAGE,BOTHSEX,0%,SOFT,2014,2019,Most Recent
Iraq,2019,ALLAGE,BOTHSEX,1%,EMAIL,2014,2019,Most Recent
Kuwait,2017,ALLAGE,BOTHSEX,60%,CMFL,2017,2021,Base
Kuwait,2017,ALLAGE,BOTHSEX,53%,EMAIL,2017,2021,Base
Kuwait,2017,ALLAGE,BOTHSEX,60%,COPA,2017,2021,Base
Kuwait,2021,ALLAGE,FEMALE,38%,ARSP,2017,2021,Most Recent
Kuwait,2021,ALLAGE,BOTHSEX,15%,PCPR,2017,2021,Most Recent
Kuwait,2021,ALLAGE,MALE,67%,COPA,2017,2021,Most Recent
Kuwait,2021,ALLAGE,FEMALE,15%,PCPR,2017,2021,Most Recent
Kuwait,2021,ALLAGE,MALE,16%,PCPR,2017,2021,Most Recent
Kuwait,2021,ALLAGE,FEMALE,49%,PRVCY,2017,2021,Most Recent
Kuwait,2021,ALLAGE,MALE,40%,PRVCY,2017,2021,Most Recent
Kuwait,2021,ALLAGE,FEMALE,58%,SCRTY,2017,2021,Most Recent
Kuwait,2021,ALLAGE,FEMALE,38%,INST,2017,2021,Most Recent
Kuwait,2021,ALLAGE,MALE,39%,INST,2017,2021,Most Recent
Kuwait,2021,ALLAGE,FEMALE,40%,EPRS,2017,2021,Most Recent
Kuwait,2021,ALLAGE,MALE,26%,EPRS,2017,2021,Most Recent
Kuwait,2021,ALLAGE,FEMALE,71%,SOFT,2017,2021,Most Recent
Kuwait,2021,ALLAGE,MALE,62%,SOFT,2017,2021,Most Recent
Kuwait,2021,ALLAGE,MALE,65%,EMAIL,2017,2021,Most Recent
Kuwait,2021,ALLAGE,MALE,55%,SCRTY,2017,2021,Most Recent
Kuwait,2021,ALLAGE,BOTHSEX,68%,COPA,2017,2021,Most Recent
Kuwait,2021,ALLAGE,MALE,44%,VRFY,2017,2021,Most Recent
Kuwait,2021,ALLAGE,BOTHSEX,65%,SOFT,2017,2021,Most Recent
Kuwait,2021,ALLAGE,BOTHSEX,66%,EMAIL,2017,2021,Most Recent
Kuwait,2021,ALLAGE,BOTHSEX,31%,EPRS,2017,2021,Most Recent
Kuwait,2021,ALLAGE,BOTHSEX,44%,TRAF,2017,2021,Most Recent
Kuwait,2021,ALLAGE,BOTHSEX,38%,ARSP,2017,2021,Most Recent
Kuwait,2021,ALLAGE,MALE,39%,ARSP,2017,2021,Most Recent
Kuwait,2021,ALLAGE,FEMALE,69%,COPA,2017,2021,Most Recent
Kuwait,2021,ALLAGE,MALE,44%,TRAF,2017,2021,Most Recent
Kuwait,2021,ALLAGE,FEMALE,53%,VRFY,2017,2021,Most Recent
Kuwait,2021,ALLAGE,BOTHSEX,39%,INST,2017,2021,Most Recent
Kuwait,2021,ALLAGE,BOTHSEX,47%,VRFY,2017,2021,Most Recent
Kuwait,2021,ALLAGE,BOTHSEX,56%,SCRTY,2017,2021,Most Recent
Kuwait,2021,ALLAGE,BOTHSEX,43%,PRVCY,2017,2021,Most Recent
Kuwait,2021,ALLAGE,FEMALE,45%,TRAF,2017,2021,Most Recent
Kuwait,2021,ALLAGE,FEMALE,68%,EMAIL,2017,2021,Most Recent
Morocco,2014,ALLAGE,MALE,21%,EPRS,2014,2021,Base
Morocco,2014,ALLAGE,BOTHSEX,6%,EPRS,2014,2021,Base
Morocco,2014,15-24,BOTHSEX,31%,EPRS,2014,2021,Base
Morocco,2014,25-74,BOTHSEX,13%,EPRS,2014,2021,Base
Morocco,2014,ALLAGE,FEMALE,10%,EPRS,2014,2021,Base
Morocco,2014,ALLAGE,FEMALE,14%,SOFT,2014,2021,Base
Morocco,2014,ALLAGE,BOTHSEX,47%,CMFL,2014,2021,Base
Morocco,2014,<15Y,BOTHSEX,13%,INST,2014,2021,Base
Morocco,2014,ALLAGE,FEMALE,17%,INST,2014,2021,Base
Morocco,2014,25-74,BOTHSEX,18%,INST,2014,2021,Base
Morocco,2014,ALLAGE,BOTHSEX,13%,INST,2014,2021,Base
Morocco,2014,25-74,BOTHSEX,15%,SOFT,2014,2021,Base
Morocco,2014,ALLAGE,FEMALE,10%,TRAF,2014,2021,Base
Morocco,2014,ALLAGE,BOTHSEX,9%,TRAF,2014,2021,Base
Morocco,2014,25-74,BOTHSEX,28%,COPA,2014,2021,Base
Morocco,2014,15-24,BOTHSEX,64%,COPA,2014,2021,Base
Morocco,2014,<15Y,BOTHSEX,8%,TRAF,2014,2021,Base
Morocco,2014,ALLAGE,FEMALE,28%,COPA,2014,2021,Base
Morocco,2014,ALLAGE,BOTHSEX,16%,ARSP,2014,2021,Base
Morocco,2014,ALLAGE,BOTHSEX,34%,COPA,2014,2021,Base
Morocco,2014,ALLAGE,BOTHSEX,13%,PCPR,2014,2021,Base
Morocco,2014,ALLAGE,BOTHSEX,20%,SOFT,2014,2021,Base
Morocco,2014,ALLAGE,BOTHSEX,25%,EMAIL,2014,2021,Base
Morocco,2014,ALLAGE,BOTHSEX,16%,TRAF,2014,2021,Base
Morocco,2014,ALLAGE,BOTHSEX,19%,COPA,2014,2021,Base
Morocco,2014,ALLAGE,MALE,18%,PCPR,2014,2021,Base
Morocco,2014,ALLAGE,BOTHSEX,26%,SOFT,2014,2021,Base
Morocco,2014,ALLAGE,BOTHSEX,18%,PCPR,2014,2021,Base
Morocco,2014,ALLAGE,BOTHSEX,5%,PCPR,2014,2021,Base
Morocco,2014,<15Y,BOTHSEX,5%,PCPR,2014,2021,Base
Morocco,2014,25-74,BOTHSEX,13%,TRAF,2014,2021,Base
Morocco,2014,15-24,BOTHSEX,51%,EMAIL,2014,2021,Base
Morocco,2014,ALLAGE,FEMALE,7%,PCPR,2014,2021,Base
Morocco,2014,15-24,BOTHSEX,23%,PCPR,2014,2021,Base
Morocco,2014,<15Y,BOTHSEX,11%,SOFT,2014,2021,Base
Morocco,2014,ALLAGE,MALE,26%,SOFT,2014,2021,Base
Morocco,2014,25-74,BOTHSEX,29%,CMFL,2014,2021,Base
Morocco,2014,15-24,BOTHSEX,69%,CMFL,2014,2021,Base
Morocco,2014,ALLAGE,BOTHSEX,20%,CMFL,2014,2021,Base
Morocco,2014,<15Y,BOTHSEX,22%,CMFL,2014,2021,Base
Morocco,2014,ALLAGE,BOTHSEX,29%,INST,2014,2021,Base
Morocco,2014,15-24,BOTHSEX,39%,SOFT,2014,2021,Base
Morocco,2014,ALLAGE,MALE,29%,INST,2014,2021,Base
Morocco,2014,ALLAGE,BOTHSEX,22%,EPRS,2014,2021,Base
Morocco,2014,ALLAGE,BOTHSEX,10%,SOFT,2014,2021,Base
Morocco,2014,ALLAGE,MALE,43%,CMFL,2014,2021,Base
Morocco,2014,ALLAGE,FEMALE,31%,CMFL,2014,2021,Base
Morocco,2014,ALLAGE,BOTHSEX,20%,TRAF,2014,2021,Base
Morocco,2014,ALLAGE,BOTHSEX,23%,INST,2014,2021,Base
Morocco,2014,ALLAGE,BOTHSEX,16%,EPRS,2014,2021,Base
Morocco,2014,ALLAGE,BOTHSEX,44%,COPA,2014,2021,Base
Morocco,2014,<15Y,BOTHSEX,14%,EMAIL,2014,2021,Base
Morocco,2014,ALLAGE,FEMALE,18%,EMAIL,2014,2021,Base
Morocco,2014,ALLAGE,MALE,41%,COPA,2014,2021,Base
Morocco,2014,<15Y,BOTHSEX,18%,COPA,2014,2021,Base
Morocco,2014,25-74,BOTHSEX,11%,PCPR,2014,2021,Base
Morocco,2014,25-74,BOTHSEX,18%,EMAIL,2014,2021,Base
Morocco,2014,ALLAGE,MALE,23%,TRAF,2014,2021,Base
Morocco,2014,15-24,BOTHSEX,31%,TRAF,2014,2021,Base
Morocco,2014,ALLAGE,FEMALE,11%,ARSP,2014,2021,Base
Morocco,2014,25-74,BOTHSEX,13%,ARSP,2014,2021,Base
Morocco,2014,15-24,BOTHSEX,30%,ARSP,2014,2021,Base
Morocco,2014,ALLAGE,MALE,32%,EMAIL,2014,2021,Base
Morocco,2014,ALLAGE,BOTHSEX,14%,EMAIL,2014,2021,Base
Morocco,2014,ALLAGE,BOTHSEX,32%,EMAIL,2014,2021,Base
Morocco,2014,ALLAGE,MALE,21%,ARSP,2014,2021,Base
Morocco,2014,<15Y,BOTHSEX,8%,ARSP,2014,2021,Base
Morocco,2014,ALLAGE,BOTHSEX,22%,ARSP,2014,2021,Base
Morocco,2014,ALLAGE,BOTHSEX,6%,ARSP,2014,2021,Base
Morocco,2014,15-24,BOTHSEX,44%,INST,2014,2021,Base
Morocco,2014,ALLAGE,BOTHSEX,37%,CMFL,2014,2021,Base
Morocco,2014,<15Y,BOTHSEX,8%,EPRS,2014,2021,Base
Morocco,2021,ALLAGE,BOTHSEX,19%,VRFY,2014,2021,Most Recent
Morocco,2021,ALLAGE,BOTHSEX,57%,COPA,2014,2021,Most Recent
Morocco,2021,ALLAGE,BOTHSEX,24%,ARSP,2014,2021,Most Recent
Morocco,2021,ALLAGE,BOTHSEX,10%,PCPR,2014,2021,Most Recent
Morocco,2021,ALLAGE,BOTHSEX,38%,INST,2014,2021,Most Recent
Morocco,2021,ALLAGE,BOTHSEX,42%,EMAIL,2014,2021,Most Recent
Morocco,2021,ALLAGE,BOTHSEX,26%,TRAF,2014,2021,Most Recent
Morocco,2021,ALLAGE,BOTHSEX,21%,EPRS,2014,2021,Most Recent
Morocco,2021,ALLAGE,BOTHSEX,40%,SOFT,2014,2021,Most Recent
Morocco,2021,ALLAGE,BOTHSEX,21%,SCRTY,2014,2021,Most Recent
Morocco,2021,ALLAGE,BOTHSEX,23%,PRVCY,2014,2021,Most Recent
Oman,2020,15-24,MALE,84%,COPA,2020,2020,Base
Oman,2020,15-24,MALE,15%,ARSP,2020,2020,Base
Oman,2020,15-24,FEMALE,98%,COPA,2020,2020,Base
Oman,2020,15-24,BOTHSEX,87%,COPA,2020,2020,Base
Oman,2020,25-74,MALE,54%,SCRTY,2020,2020,Base
Oman,2020,ALLAGE,BOTHSEX,52%,PRVCY,2020,2020,Base
Oman,2020,ALLAGE,FEMALE,63%,SCRTY,2020,2020,Base
Oman,2020,15-24,BOTHSEX,64%,SCRTY,2020,2020,Base
Oman,2020,15-24,FEMALE,75%,SCRTY,2020,2020,Base
Oman,2020,25-74,MALE,48%,PRVCY,2020,2020,Base
Oman,2020,ALLAGE,FEMALE,60%,PRVCY,2020,2020,Base
Oman,2020,15-24,MALE,57%,PRVCY,2020,2020,Base
Oman,2020,25-74,FEMALE,59%,PRVCY,2020,2020,Base
Oman,2020,25-74,BOTHSEX,52%,PRVCY,2020,2020,Base
Oman,2020,25-74,BOTHSEX,84%,COPA,2020,2020,Base
Oman,2020,ALLAGE,FEMALE,25%,ARSP,2020,2020,Base
Oman,2020,15-24,MALE,11%,PCPR,2020,2020,Base
Oman,2020,25-74,FEMALE,87%,COPA,2020,2020,Base
Oman,2020,25-74,BOTHSEX,7%,PCPR,2020,2020,Base
Oman,2020,15-24,FEMALE,18%,PCPR,2020,2020,Base
Oman,2020,ALLAGE,MALE,83%,COPA,2020,2020,Base
Oman,2020,25-74,MALE,83%,COPA,2020,2020,Base
Oman,2020,15-24,BOTHSEX,75%,SOFT,2020,2020,Base
Oman,2020,15-24,MALE,72%,SOFT,2020,2020,Base
Oman,2020,25-74,BOTHSEX,31%,INST,2020,2020,Base
Oman,2020,ALLAGE,FEMALE,30%,EPRS,2020,2020,Base
Oman,2020,25-74,FEMALE,96%,EMAIL,2020,2020,Base
Oman,2020,ALLAGE,BOTHSEX,24%,EPRS,2020,2020,Base
Oman,2020,25-74,FEMALE,51%,TRAF,2020,2020,Base
Oman,2020,ALLAGE,BOTHSEX,49%,TRAF,2020,2020,Base
Oman,2020,15-24,MALE,51%,TRAF,2020,2020,Base
Oman,2020,15-24,FEMALE,71%,TRAF,2020,2020,Base
Oman,2020,15-24,BOTHSEX,32%,INST,2020,2020,Base
Oman,2020,25-74,BOTHSEX,49%,TRAF,2020,2020,Base
Oman,2020,ALLAGE,BOTHSEX,31%,INST,2020,2020,Base
Oman,2020,15-24,BOTHSEX,30%,EPRS,2020,2020,Base
Oman,2020,25-74,MALE,64%,SOFT,2020,2020,Base
Oman,2020,15-24,BOTHSEX,96%,EMAIL,2020,2020,Base
Oman,2020,25-74,FEMALE,71%,SOFT,2020,2020,Base
Oman,2020,75+,MALE,22%,SOFT,2020,2020,Base
Oman,2020,25-74,BOTHSEX,23%,EPRS,2020,2020,Base
Oman,2020,25-74,FEMALE,27%,EPRS,2020,2020,Base
Oman,2020,25-74,MALE,91%,EMAIL,2020,2020,Base
Oman,2020,15-24,MALE,23%,EPRS,2020,2020,Base
Oman,2020,ALLAGE,BOTHSEX,92%,EMAIL,2020,2020,Base
Oman,2020,25-74,MALE,30%,INST,2020,2020,Base
Oman,2020,75+,BOTHSEX,22%,INST,2020,2020,Base
Oman,2020,25-74,FEMALE,34%,INST,2020,2020,Base
Oman,2020,ALLAGE,FEMALE,33%,INST,2020,2020,Base
Oman,2020,ALLAGE,BOTHSEX,25%,ARSP,2020,2020,Base
Oman,2020,ALLAGE,MALE,26%,ARSP,2020,2020,Base
Oman,2020,25-74,FEMALE,62%,SCRTY,2020,2020,Base
Oman,2020,25-74,BOTHSEX,56%,SCRTY,2020,2020,Base
Oman,2020,15-24,MALE,61%,SCRTY,2020,2020,Base
Oman,2020,ALLAGE,BOTHSEX,57%,SCRTY,2020,2020,Base
Oman,2020,ALLAGE,MALE,54%,SCRTY,2020,2020,Base
Oman,2020,15-24,FEMALE,67%,PRVCY,2020,2020,Base
Oman,2020,ALLAGE,MALE,7%,PCPR,2020,2020,Base
Oman,2020,ALLAGE,BOTHSEX,8%,PCPR,2020,2020,Base
Oman,2020,15-24,BOTHSEX,59%,PRVCY,2020,2020,Base
Oman,2020,25-74,MALE,7%,PCPR,2020,2020,Base
Oman,2020,ALLAGE,FEMALE,10%,PCPR,2020,2020,Base
Oman,2020,ALLAGE,MALE,49%,PRVCY,2020,2020,Base
Oman,2020,15-24,FEMALE,30%,ARSP,2020,2020,Base
Oman,2020,25-74,BOTHSEX,27%,ARSP,2020,2020,Base
Oman,2020,25-74,FEMALE,25%,ARSP,2020,2020,Base
Oman,2020,25-74,MALE,27%,ARSP,2020,2020,Base
Oman,2020,ALLAGE,BOTHSEX,84%,COPA,2020,2020,Base
Oman,2020,15-24,BOTHSEX,13%,PCPR,2020,2020,Base
Oman,2020,25-74,FEMALE,9%,PCPR,2020,2020,Base
Oman,2020,75+,BOTHSEX,31%,COPA,2020,2020,Base
Oman,2020,ALLAGE,FEMALE,88%,COPA,2020,2020,Base
Oman,2020,75+,MALE,31%,COPA,2020,2020,Base
Oman,2020,25-74,MALE,47%,TRAF,2020,2020,Base
Oman,2020,ALLAGE,FEMALE,53%,TRAF,2020,2020,Base
Oman,2020,15-24,FEMALE,84%,SOFT,2020,2020,Base
Oman,2020,15-24,MALE,95%,EMAIL,2020,2020,Base
Oman,2020,25-74,BOTHSEX,92%,EMAIL,2020,2020,Base
Oman,2020,ALLAGE,MALE,21%,EPRS,2020,2020,Base
Oman,2020,ALLAGE,BOTHSEX,67%,SOFT,2020,2020,Base
Oman,2020,ALLAGE,FEMALE,72%,SOFT,2020,2020,Base
Oman,2020,15-24,FEMALE,98%,EMAIL,2020,2020,Base
Oman,2020,ALLAGE,MALE,48%,TRAF,2020,2020,Base
Oman,2020,15-24,BOTHSEX,18%,ARSP,2020,2020,Base
Oman,2020,15-24,BOTHSEX,56%,TRAF,2020,2020,Base
Oman,2020,15-24,FEMALE,30%,INST,2020,2020,Base
Oman,2020,15-24,MALE,32%,INST,2020,2020,Base
Oman,2020,25-74,MALE,21%,EPRS,2020,2020,Base
Oman,2020,15-24,FEMALE,54%,EPRS,2020,2020,Base
Oman,2020,ALLAGE,MALE,91%,EMAIL,2020,2020,Base
Oman,2020,ALLAGE,FEMALE,96%,EMAIL,2020,2020,Base
Oman,2020,25-74,BOTHSEX,66%,SOFT,2020,2020,Base
Oman,2020,75+,BOTHSEX,43%,EMAIL,2020,2020,Base
Oman,2020,75+,MALE,22%,INST,2020,2020,Base
Oman,2020,ALLAGE,MALE,31%,INST,2020,2020,Base
Oman,2020,75+,MALE,43%,EMAIL,2020,2020,Base
Oman,2020,ALLAGE,MALE,65%,SOFT,2020,2020,Base
Oman,2020,75+,BOTHSEX,22%,SOFT,2020,2020,Base
Qatar,2015,ALLAGE,FEMALE,26%,EPRS,2015,2020,Base
Qatar,2015,15-24,BOTHSEX,23%,EPRS,2015,2020,Base
Qatar,2015,ALLAGE,FEMALE,56%,CMFL,2015,2020,Base
Qatar,2015,ALLAGE,BOTHSEX,61%,CMFL,2015,2020,Base
Qatar,2015,ALLAGE,MALE,66%,CMFL,2015,2020,Base
Qatar,2015,25-74,MALE,65%,CMFL,2015,2020,Base
Qatar,2015,ALLAGE,FEMALE,26%,EPRS,2015,2020,Base
Qatar,2015,ALLAGE,FEMALE,29%,INST,2015,2020,Base
Qatar,2015,25-74,BOTHSEX,62%,CMFL,2015,2020,Base
Qatar,2015,15-24,MALE,70%,CMFL,2015,2020,Base
Qatar,2015,25-74,FEMALE,58%,CMFL,2015,2020,Base
Qatar,2015,ALLAGE,MALE,27%,EPRS,2015,2020,Base
Qatar,2015,25-74,MALE,26%,EPRS,2015,2020,Base
Qatar,2015,25-74,BOTHSEX,58%,EMAIL,2015,2020,Base
Qatar,2015,15-24,MALE,60%,EMAIL,2015,2020,Base
Qatar,2015,ALLAGE,MALE,60%,EMAIL,2015,2020,Base
Qatar,2015,ALLAGE,BOTHSEX,56%,EMAIL,2015,2020,Base
Qatar,2015,25-74,MALE,46%,TRAF,2015,2020,Base
Qatar,2015,25-74,FEMALE,43%,TRAF,2015,2020,Base
Qatar,2015,25-74,BOTHSEX,45%,TRAF,2015,2020,Base
Qatar,2015,15-24,FEMALE,47%,CMFL,2015,2020,Base
Qatar,2015,15-24,BOTHSEX,58%,CMFL,2015,2020,Base
Qatar,2015,ALLAGE,BOTHSEX,27%,INST,2015,2020,Base
Qatar,2015,ALLAGE,BOTHSEX,27%,INST,2015,2020,Base
Qatar,2015,ALLAGE,MALE,25%,INST,2015,2020,Base
Qatar,2015,ALLAGE,MALE,27%,EPRS,2015,2020,Base
Qatar,2015,25-74,MALE,5%,PCPR,2015,2020,Base
Qatar,2015,25-74,MALE,37%,ARSP,2015,2020,Base
Qatar,2015,25-74,FEMALE,28%,ARSP,2015,2020,Base
Qatar,2015,25-74,FEMALE,6%,PCPR,2015,2020,Base
Qatar,2015,ALLAGE,FEMALE,34%,COPA,2015,2020,Base
Qatar,2015,25-74,MALE,33%,COPA,2015,2020,Base
Qatar,2015,15-24,FEMALE,5%,PCPR,2015,2020,Base
Qatar,2015,15-24,BOTHSEX,6%,PCPR,2015,2020,Base
Qatar,2015,ALLAGE,BOTHSEX,33%,COPA,2015,2020,Base
Qatar,2015,ALLAGE,BOTHSEX,33%,COPA,2015,2020,Base
Qatar,2015,ALLAGE,MALE,33%,COPA,2015,2020,Base
Qatar,2015,25-74,BOTHSEX,6%,PCPR,2015,2020,Base
Qatar,2015,ALLAGE,BOTHSEX,32%,ARSP,2015,2020,Base
Qatar,2015,ALLAGE,BOTHSEX,32%,ARSP,2015,2020,Base
Qatar,2015,ALLAGE,MALE,37%,ARSP,2015,2020,Base
Qatar,2015,ALLAGE,FEMALE,40%,TRAF,2015,2020,Base
Qatar,2015,ALLAGE,MALE,47%,TRAF,2015,2020,Base
Qatar,2015,ALLAGE,FEMALE,27%,ARSP,2015,2020,Base
Qatar,2015,ALLAGE,MALE,37%,ARSP,2015,2020,Base
Qatar,2015,ALLAGE,FEMALE,27%,ARSP,2015,2020,Base
Qatar,2015,15-24,FEMALE,36%,EMAIL,2015,2020,Base
Qatar,2015,15-24,BOTHSEX,47%,EMAIL,2015,2020,Base
Qatar,2015,15-24,BOTHSEX,44%,SOFT,2015,2020,Base
Qatar,2015,ALLAGE,BOTHSEX,26%,EPRS,2015,2020,Base
Qatar,2015,25-74,FEMALE,56%,EMAIL,2015,2020,Base
Qatar,2015,ALLAGE,BOTHSEX,37%,SOFT,2015,2020,Base
Qatar,2015,ALLAGE,BOTHSEX,37%,SOFT,2015,2020,Base
Qatar,2015,ALLAGE,MALE,66%,CMFL,2015,2020,Base
Qatar,2015,ALLAGE,FEMALE,56%,CMFL,2015,2020,Base
Qatar,2015,ALLAGE,BOTHSEX,61%,CMFL,2015,2020,Base
Qatar,2015,ALLAGE,FEMALE,29%,INST,2015,2020,Base
Qatar,2015,25-74,MALE,27%,INST,2015,2020,Base
Qatar,2015,25-74,FEMALE,31%,INST,2015,2020,Base
Qatar,2015,25-74,BOTHSEX,29%,INST,2015,2020,Base
Qatar,2015,15-24,MALE,18%,INST,2015,2020,Base
Qatar,2015,15-24,FEMALE,22%,INST,2015,2020,Base
Qatar,2015,15-24,BOTHSEX,21%,INST,2015,2020,Base
Qatar,2015,ALLAGE,MALE,25%,INST,2015,2020,Base
Qatar,2015,25-74,FEMALE,28%,EPRS,2015,2020,Base
Qatar,2015,25-74,BOTHSEX,27%,EPRS,2015,2020,Base
Qatar,2015,15-24,MALE,32%,EPRS,2015,2020,Base
Qatar,2015,25-74,FEMALE,37%,SOFT,2015,2020,Base
Qatar,2015,25-74,BOTHSEX,36%,SOFT,2015,2020,Base
Qatar,2015,15-24,MALE,38%,SOFT,2015,2020,Base
Qatar,2015,15-24,FEMALE,49%,SOFT,2015,2020,Base
Qatar,2015,15-24,MALE,49%,TRAF,2015,2020,Base
Qatar,2015,15-24,FEMALE,29%,TRAF,2015,2020,Base
Qatar,2015,15-24,BOTHSEX,38%,TRAF,2015,2020,Base
Qatar,2015,ALLAGE,BOTHSEX,56%,EMAIL,2015,2020,Base
Qatar,2015,ALLAGE,FEMALE,52%,EMAIL,2015,2020,Base
Qatar,2015,25-74,MALE,60%,EMAIL,2015,2020,Base
Qatar,2015,15-24,FEMALE,15%,EPRS,2015,2020,Base
Qatar,2015,ALLAGE,FEMALE,52%,EMAIL,2015,2020,Base
Qatar,2015,ALLAGE,MALE,60%,EMAIL,2015,2020,Base
Qatar,2015,ALLAGE,BOTHSEX,6%,PCPR,2015,2020,Base
Qatar,2015,ALLAGE,BOTHSEX,6%,PCPR,2015,2020,Base
Qatar,2015,ALLAGE,MALE,5%,PCPR,2015,2020,Base
Qatar,2015,ALLAGE,FEMALE,6%,PCPR,2015,2020,Base
Qatar,2015,ALLAGE,MALE,5%,PCPR,2015,2020,Base
Qatar,2015,ALLAGE,FEMALE,6%,PCPR,2015,2020,Base
Qatar,2015,25-74,FEMALE,36%,COPA,2015,2020,Base
Qatar,2015,25-74,BOTHSEX,34%,COPA,2015,2020,Base
Qatar,2015,15-24,MALE,33%,COPA,2015,2020,Base
Qatar,2015,15-24,FEMALE,26%,COPA,2015,2020,Base
Qatar,2015,15-24,BOTHSEX,29%,COPA,2015,2020,Base
Qatar,2015,ALLAGE,MALE,33%,COPA,2015,2020,Base
Qatar,2015,ALLAGE,FEMALE,34%,COPA,2015,2020,Base
Qatar,2015,15-24,MALE,7%,PCPR,2015,2020,Base
Qatar,2015,15-24,FEMALE,24%,ARSP,2015,2020,Base
Qatar,2015,15-24,BOTHSEX,28%,ARSP,2015,2020,Base
Qatar,2015,ALLAGE,BOTHSEX,43%,TRAF,2015,2020,Base
Qatar,2015,ALLAGE,BOTHSEX,43%,TRAF,2015,2020,Base
Qatar,2015,ALLAGE,MALE,47%,TRAF,2015,2020,Base
Qatar,2015,15-24,MALE,33%,ARSP,2015,2020,Base
Qatar,2015,25-74,BOTHSEX,33%,ARSP,2015,2020,Base
Qatar,2015,ALLAGE,FEMALE,40%,TRAF,2015,2020,Base
Qatar,2015,25-74,MALE,34%,SOFT,2015,2020,Base
Qatar,2015,ALLAGE,MALE,35%,SOFT,2015,2020,Base
Qatar,2015,ALLAGE,FEMALE,40%,SOFT,2015,2020,Base
Qatar,2015,ALLAGE,MALE,35%,SOFT,2015,2020,Base
Qatar,2015,ALLAGE,FEMALE,40%,SOFT,2015,2020,Base
Qatar,2015,ALLAGE,BOTHSEX,26%,EPRS,2015,2020,Base
Qatar,2020,25-74,BOTHSEX,58%,EMAIL,2015,2020,Most Recent
Qatar,2020,25-74,FEMALE,50%,COPA,2015,2020,Most Recent
Qatar,2020,15-24,MALE,49%,EMAIL,2015,2020,Most Recent
Qatar,2020,15-24,BOTHSEX,68%,COPA,2015,2020,Most Recent
Qatar,2020,ALLAGE,MALE,53%,EMAIL,2015,2020,Most Recent
Qatar,2020,ALLAGE,FEMALE,64%,EMAIL,2015,2020,Most Recent
Qatar,2020,ALLAGE,MALE,53%,EMAIL,2015,2020,Most Recent
Qatar,2020,15-24,FEMALE,75%,COPA,2015,2020,Most Recent
Qatar,2020,ALLAGE,FEMALE,33%,SOFT,2015,2020,Most Recent
Qatar,2020,ALLAGE,MALE,53%,COPA,2015,2020,Most Recent
Qatar,2020,25-74,FEMALE,20%,ARSP,2015,2020,Most Recent
Qatar,2020,ALLAGE,FEMALE,25%,TRAF,2015,2020,Most Recent
Qatar,2020,ALLAGE,MALE,33%,TRAF,2015,2020,Most Recent
Qatar,2020,ALLAGE,FEMALE,19%,ARSP,2015,2020,Most Recent
Qatar,2020,15-24,FEMALE,23%,TRAF,2015,2020,Most Recent
Qatar,2020,15-24,BOTHSEX,30%,TRAF,2015,2020,Most Recent
Qatar,2020,ALLAGE,MALE,33%,TRAF,2015,2020,Most Recent
Qatar,2020,ALLAGE,MALE,28%,ARSP,2015,2020,Most Recent
Qatar,2020,15-24,FEMALE,16%,ARSP,2015,2020,Most Recent
Qatar,2020,ALLAGE,FEMALE,25%,TRAF,2015,2020,Most Recent
Qatar,2020,ALLAGE,BOTHSEX,23%,ARSP,2015,2020,Most Recent
Qatar,2020,ALLAGE,BOTHSEX,59%,EMAIL,2015,2020,Most Recent
Qatar,2020,15-24,FEMALE,61%,INST,2015,2020,Most Recent
Qatar,2020,25-74,BOTHSEX,35%,INST,2015,2020,Most Recent
Qatar,2020,15-24,MALE,43%,INST,2015,2020,Most Recent
Qatar,2020,ALLAGE,BOTHSEX,21%,EPRS,2015,2020,Most Recent
Qatar,2020,15-24,FEMALE,33%,EPRS,2015,2020,Most Recent
Qatar,2020,ALLAGE,BOTHSEX,21%,EPRS,2015,2020,Most Recent
Qatar,2020,ALLAGE,BOTHSEX,54%,COPA,2015,2020,Most Recent
Qatar,2020,15-24,MALE,43%,SOFT,2015,2020,Most Recent
Qatar,2020,25-74,BOTHSEX,35%,SOFT,2015,2020,Most Recent
Qatar,2020,25-74,MALE,41%,SOFT,2015,2020,Most Recent
Qatar,2020,ALLAGE,MALE,53%,COPA,2015,2020,Most Recent
Qatar,2020,ALLAGE,FEMALE,43%,INST,2015,2020,Most Recent
Qatar,2020,ALLAGE,BOTHSEX,54%,COPA,2015,2020,Most Recent
Qatar,2020,25-74,FEMALE,28%,SOFT,2015,2020,Most Recent
Qatar,2020,ALLAGE,MALE,19%,EPRS,2015,2020,Most Recent
Qatar,2020,25-74,FEMALE,63%,EMAIL,2015,2020,Most Recent
Qatar,2020,25-74,BOTHSEX,52%,COPA,2015,2020,Most Recent
Qatar,2020,25-74,MALE,54%,EMAIL,2015,2020,Most Recent
Qatar,2020,ALLAGE,FEMALE,64%,EMAIL,2015,2020,Most Recent
Qatar,2020,ALLAGE,MALE,42%,SOFT,2015,2020,Most Recent
Qatar,2020,ALLAGE,FEMALE,55%,COPA,2015,2020,Most Recent
Qatar,2020,ALLAGE,FEMALE,33%,SOFT,2015,2020,Most Recent
Qatar,2020,15-24,FEMALE,68%,EMAIL,2015,2020,Most Recent
Qatar,2020,ALLAGE,MALE,42%,SOFT,2015,2020,Most Recent
Qatar,2020,ALLAGE,BOTHSEX,37%,SOFT,2015,2020,Most Recent
Qatar,2020,ALLAGE,BOTHSEX,37%,SOFT,2015,2020,Most Recent
Qatar,2020,15-24,BOTHSEX,62%,EMAIL,2015,2020,Most Recent
Qatar,2020,ALLAGE,FEMALE,55%,COPA,2015,2020,Most Recent
Qatar,2020,25-74,MALE,53%,COPA,2015,2020,Most Recent
Qatar,2020,ALLAGE,BOTHSEX,59%,EMAIL,2015,2020,Most Recent
Qatar,2020,15-24,MALE,45%,TRAF,2015,2020,Most Recent
Qatar,2020,25-74,FEMALE,26%,TRAF,2015,2020,Most Recent
Qatar,2020,ALLAGE,MALE,28%,ARSP,2015,2020,Most Recent
Qatar,2020,25-74,BOTHSEX,29%,TRAF,2015,2020,Most Recent
Qatar,2020,25-74,MALE,32%,TRAF,2015,2020,Most Recent
Qatar,2020,ALLAGE,FEMALE,19%,ARSP,2015,2020,Most Recent
Qatar,2020,25-74,BOTHSEX,25%,ARSP,2015,2020,Most Recent
Qatar,2020,15-24,MALE,14%,ARSP,2015,2020,Most Recent
Qatar,2020,ALLAGE,BOTHSEX,23%,ARSP,2015,2020,Most Recent
Qatar,2020,ALLAGE,BOTHSEX,29%,TRAF,2015,2020,Most Recent
Qatar,2020,25-74,MALE,29%,ARSP,2015,2020,Most Recent
Qatar,2020,ALLAGE,BOTHSEX,29%,TRAF,2015,2020,Most Recent
Qatar,2020,15-24,BOTHSEX,16%,ARSP,2015,2020,Most Recent
Qatar,2020,15-24,MALE,51%,COPA,2015,2020,Most Recent
Qatar,2020,25-74,FEMALE,38%,INST,2015,2020,Most Recent
Qatar,2020,15-24,BOTHSEX,56%,INST,2015,2020,Most Recent
Qatar,2020,ALLAGE,MALE,34%,INST,2015,2020,Most Recent
Qatar,2020,ALLAGE,BOTHSEX,38%,INST,2015,2020,Most Recent
Qatar,2020,ALLAGE,FEMALE,43%,INST,2015,2020,Most Recent
Qatar,2020,25-74,MALE,33%,INST,2015,2020,Most Recent
Qatar,2020,ALLAGE,BOTHSEX,38%,INST,2015,2020,Most Recent
Qatar,2020,15-24,BOTHSEX,27%,EPRS,2015,2020,Most Recent
Qatar,2020,15-24,BOTHSEX,47%,SOFT,2015,2020,Most Recent
Qatar,2020,15-24,FEMALE,49%,SOFT,2015,2020,Most Recent
Qatar,2020,ALLAGE,MALE,34%,INST,2015,2020,Most Recent
Qatar,2020,ALLAGE,FEMALE,23%,EPRS,2015,2020,Most Recent
Qatar,2020,ALLAGE,MALE,19%,EPRS,2015,2020,Most Recent
Qatar,2020,ALLAGE,FEMALE,23%,EPRS,2015,2020,Most Recent
Qatar,2020,25-74,MALE,19%,EPRS,2015,2020,Most Recent
Qatar,2020,25-74,FEMALE,21%,EPRS,2015,2020,Most Recent
Qatar,2020,15-24,MALE,15%,EPRS,2015,2020,Most Recent
Qatar,2020,25-74,BOTHSEX,20%,EPRS,2015,2020,Most Recent
Saudi Arabia,2017,ALLAGE,BOTHSEX,72%,CMFL,2017,2021,Base
Saudi Arabia,2017,ALLAGE,MALE,78%,CMFL,2017,2021,Base
Saudi Arabia,2017,ALLAGE,FEMALE,64%,CMFL,2017,2021,Base
Saudi Arabia,2017,<15Y,MALE,7%,ARSP,2017,2021,Base
Saudi Arabia,2017,15-24,BOTHSEX,56%,COPA,2017,2021,Base
Saudi Arabia,2017,15-24,FEMALE,55%,COPA,2017,2021,Base
Saudi Arabia,2017,ALLAGE,BOTHSEX,50%,SOFT,2017,2021,Base
Saudi Arabia,2017,ALLAGE,BOTHSEX,10%,PCPR,2017,2021,Base
Saudi Arabia,2017,15-24,MALE,30%,SOFT,2017,2021,Base
Saudi Arabia,2017,<15Y,MALE,23%,EMAIL,2017,2021,Base
Saudi Arabia,2017,ALLAGE,MALE,74%,EMAIL,2017,2021,Base
Saudi Arabia,2017,25-74,MALE,53%,EMAIL,2017,2021,Base
Saudi Arabia,2017,<15Y,FEMALE,22%,EMAIL,2017,2021,Base
Saudi Arabia,2017,<15Y,FEMALE,6%,ARSP,2017,2021,Base
Saudi Arabia,2017,25-74,BOTHSEX,17%,ARSP,2017,2021,Base
Saudi Arabia,2017,<15Y,BOTHSEX,6%,ARSP,2017,2021,Base
Saudi Arabia,2017,15-24,MALE,57%,COPA,2017,2021,Base
Saudi Arabia,2017,25-74,MALE,45%,COPA,2017,2021,Base
Saudi Arabia,2017,25-74,FEMALE,44%,COPA,2017,2021,Base
Saudi Arabia,2017,ALLAGE,MALE,38%,TRAF,2017,2021,Base
Saudi Arabia,2017,25-74,BOTHSEX,45%,COPA,2017,2021,Base
Saudi Arabia,2017,ALLAGE,BOTHSEX,35%,EPRS,2017,2021,Base
Saudi Arabia,2017,ALLAGE,MALE,73%,COPA,2017,2021,Base
Saudi Arabia,2017,15-24,MALE,17%,ARSP,2017,2021,Base
Saudi Arabia,2017,15-24,FEMALE,6%,PCPR,2017,2021,Base
Saudi Arabia,2017,ALLAGE,MALE,11%,PCPR,2017,2021,Base
Saudi Arabia,2017,<15Y,FEMALE,15%,TRAF,2017,2021,Base
Saudi Arabia,2017,25-74,FEMALE,4%,PCPR,2017,2021,Base
Saudi Arabia,2017,ALLAGE,BOTHSEX,53%,INST,2017,2021,Base
Saudi Arabia,2017,<15Y,MALE,25%,TRAF,2017,2021,Base
Saudi Arabia,2017,15-24,FEMALE,16%,ARSP,2017,2021,Base
Saudi Arabia,2017,<15Y,BOTHSEX,26%,INST,2017,2021,Base
Saudi Arabia,2017,15-24,BOTHSEX,41%,INST,2017,2021,Base
Saudi Arabia,2017,15-24,FEMALE,57%,EMAIL,2017,2021,Base
Saudi Arabia,2017,<15Y,FEMALE,22%,INST,2017,2021,Base
Saudi Arabia,2017,15-24,BOTHSEX,56%,EMAIL,2017,2021,Base
Saudi Arabia,2017,ALLAGE,MALE,62%,SOFT,2017,2021,Base
Saudi Arabia,2017,25-74,MALE,33%,SOFT,2017,2021,Base
Saudi Arabia,2017,25-74,BOTHSEX,37%,INST,2017,2021,Base
Saudi Arabia,2017,25-74,FEMALE,26%,INST,2017,2021,Base
Saudi Arabia,2017,ALLAGE,BOTHSEX,70%,EMAIL,2017,2021,Base
Saudi Arabia,2017,ALLAGE,BOTHSEX,35%,TRAF,2017,2021,Base
Saudi Arabia,2017,ALLAGE,BOTHSEX,72%,COPA,2017,2021,Base
Saudi Arabia,2017,ALLAGE,BOTHSEX,55%,ARSP,2017,2021,Base
Saudi Arabia,2017,15-24,BOTHSEX,41%,TRAF,2017,2021,Base
Saudi Arabia,2017,15-24,FEMALE,41%,TRAF,2017,2021,Base
Saudi Arabia,2017,25-74,FEMALE,28%,TRAF,2017,2021,Base
Saudi Arabia,2017,<15Y,BOTHSEX,21%,TRAF,2017,2021,Base
Saudi Arabia,2017,ALLAGE,FEMALE,30%,TRAF,2017,2021,Base
Saudi Arabia,2017,25-74,MALE,39%,TRAF,2017,2021,Base
Saudi Arabia,2017,25-74,FEMALE,50%,CMFL,2017,2021,Base
Saudi Arabia,2017,<15Y,BOTHSEX,16%,SOFT,2017,2021,Base
Saudi Arabia,2017,ALLAGE,FEMALE,32%,SOFT,2017,2021,Base
Saudi Arabia,2017,25-74,BOTHSEX,35%,TRAF,2017,2021,Base
Saudi Arabia,2017,15-24,MALE,41%,TRAF,2017,2021,Base
Saudi Arabia,2017,<15Y,MALE,30%,INST,2017,2021,Base
Saudi Arabia,2017,<15Y,FEMALE,17%,EPRS,2017,2021,Base
Saudi Arabia,2017,15-24,MALE,26%,EPRS,2017,2021,Base
Saudi Arabia,2017,ALLAGE,MALE,33%,EPRS,2017,2021,Base
Saudi Arabia,2017,15-24,BOTHSEX,26%,SOFT,2017,2021,Base
Saudi Arabia,2017,15-24,FEMALE,38%,EPRS,2017,2021,Base
Saudi Arabia,2017,25-74,BOTHSEX,20%,EPRS,2017,2021,Base
Saudi Arabia,2017,ALLAGE,FEMALE,45%,ARSP,2017,2021,Base
Saudi Arabia,2017,ALLAGE,MALE,62%,ARSP,2017,2021,Base
Saudi Arabia,2017,<15Y,MALE,1%,PCPR,2017,2021,Base
Saudi Arabia,2017,<15Y,BOTHSEX,1%,PCPR,2017,2021,Base
Saudi Arabia,2017,15-24,BOTHSEX,16%,ARSP,2017,2021,Base
Saudi Arabia,2017,ALLAGE,FEMALE,8%,PCPR,2017,2021,Base
Saudi Arabia,2017,<15Y,FEMALE,1%,PCPR,2017,2021,Base
Saudi Arabia,2017,15-24,BOTHSEX,6%,PCPR,2017,2021,Base
Saudi Arabia,2017,<15Y,MALE,35%,COPA,2017,2021,Base
Saudi Arabia,2017,<15Y,BOTHSEX,34%,COPA,2017,2021,Base
Saudi Arabia,2017,25-74,MALE,19%,ARSP,2017,2021,Base
Saudi Arabia,2017,ALLAGE,FEMALE,70%,COPA,2017,2021,Base
Saudi Arabia,2017,25-74,FEMALE,13%,ARSP,2017,2021,Base
Saudi Arabia,2017,<15Y,FEMALE,32%,COPA,2017,2021,Base
Saudi Arabia,2017,15-24,MALE,5%,PCPR,2017,2021,Base
Saudi Arabia,2017,25-74,BOTHSEX,4%,PCPR,2017,2021,Base
Saudi Arabia,2017,25-74,MALE,5%,PCPR,2017,2021,Base
Saudi Arabia,2017,15-24,FEMALE,36%,INST,2017,2021,Base
Saudi Arabia,2017,25-74,MALE,44%,INST,2017,2021,Base
Saudi Arabia,2017,ALLAGE,FEMALE,40%,INST,2017,2021,Base
Saudi Arabia,2017,15-24,MALE,45%,INST,2017,2021,Base
Saudi Arabia,2017,25-74,FEMALE,43%,EMAIL,2017,2021,Base
Saudi Arabia,2017,25-74,BOTHSEX,49%,EMAIL,2017,2021,Base
Saudi Arabia,2017,15-24,MALE,55%,EMAIL,2017,2021,Base
Saudi Arabia,2017,25-74,BOTHSEX,26%,SOFT,2017,2021,Base
Saudi Arabia,2017,<15Y,FEMALE,11%,SOFT,2017,2021,Base
Saudi Arabia,2017,25-74,FEMALE,16%,SOFT,2017,2021,Base
Saudi Arabia,2017,<15Y,MALE,21%,SOFT,2017,2021,Base
Saudi Arabia,2017,ALLAGE,FEMALE,64%,EMAIL,2017,2021,Base
Saudi Arabia,2017,<15Y,BOTHSEX,23%,EMAIL,2017,2021,Base
Saudi Arabia,2017,<15Y,BOTHSEX,47%,CMFL,2017,2021,Base
Saudi Arabia,2017,25-74,MALE,63%,CMFL,2017,2021,Base
Saudi Arabia,2017,<15Y,MALE,51%,CMFL,2017,2021,Base
Saudi Arabia,2017,ALLAGE,MALE,62%,INST,2017,2021,Base
Saudi Arabia,2017,<15Y,FEMALE,42%,CMFL,2017,2021,Base
Saudi Arabia,2017,15-24,BOTHSEX,68%,CMFL,2017,2021,Base
Saudi Arabia,2017,15-24,MALE,72%,CMFL,2017,2021,Base
Saudi Arabia,2017,25-74,BOTHSEX,58%,CMFL,2017,2021,Base
Saudi Arabia,2017,15-24,FEMALE,63%,CMFL,2017,2021,Base
Saudi Arabia,2017,<15Y,MALE,14%,EPRS,2017,2021,Base
Saudi Arabia,2017,<15Y,BOTHSEX,16%,EPRS,2017,2021,Base
Saudi Arabia,2017,15-24,FEMALE,20%,SOFT,2017,2021,Base
Saudi Arabia,2017,ALLAGE,FEMALE,38%,EPRS,2017,2021,Base
Saudi Arabia,2017,15-24,BOTHSEX,32%,EPRS,2017,2021,Base
Saudi Arabia,2017,25-74,MALE,20%,EPRS,2017,2021,Base
Saudi Arabia,2017,25-74,FEMALE,20%,EPRS,2017,2021,Base
Saudi Arabia,2021,ALLAGE,MALE,100%,COPA,2017,2021,Most Recent
Saudi Arabia,2021,ALLAGE,FEMALE,100%,COPA,2017,2021,Most Recent
Saudi Arabia,2021,ALLAGE,BOTHSEX,62%,EPRS,2017,2021,Most Recent
Saudi Arabia,2021,ALLAGE,MALE,61%,EPRS,2017,2021,Most Recent
Saudi Arabia,2021,ALLAGE,BOTHSEX,25%,PCPR,2017,2021,Most Recent
Saudi Arabia,2021,ALLAGE,FEMALE,70%,PRVCY,2017,2021,Most Recent
Saudi Arabia,2021,ALLAGE,FEMALE,25%,PCPR,2017,2021,Most Recent
Saudi Arabia,2021,ALLAGE,MALE,26%,PCPR,2017,2021,Most Recent
Saudi Arabia,2021,ALLAGE,FEMALE,69%,VRFY,2017,2021,Most Recent
Saudi Arabia,2021,ALLAGE,MALE,75%,ARSP,2017,2021,Most Recent
Saudi Arabia,2021,ALLAGE,FEMALE,75%,ARSP,2017,2021,Most Recent
Saudi Arabia,2021,ALLAGE,BOTHSEX,75%,ARSP,2017,2021,Most Recent
Saudi Arabia,2021,ALLAGE,BOTHSEX,100%,COPA,2017,2021,Most Recent
Saudi Arabia,2021,ALLAGE,BOTHSEX,71%,TRAF,2017,2021,Most Recent
Saudi Arabia,2021,ALLAGE,BOTHSEX,70%,PRVCY,2017,2021,Most Recent
Saudi Arabia,2021,ALLAGE,MALE,70%,PRVCY,2017,2021,Most Recent
Saudi Arabia,2021,ALLAGE,FEMALE,95%,EMAIL,2017,2021,Most Recent
Saudi Arabia,2021,ALLAGE,BOTHSEX,90%,SOFT,2017,2021,Most Recent
Saudi Arabia,2021,ALLAGE,MALE,96%,EMAIL,2017,2021,Most Recent
Saudi Arabia,2021,ALLAGE,FEMALE,89%,SOFT,2017,2021,Most Recent
Saudi Arabia,2021,ALLAGE,BOTHSEX,96%,EMAIL,2017,2021,Most Recent
Saudi Arabia,2021,ALLAGE,FEMALE,74%,SCRTY,2017,2021,Most Recent
Saudi Arabia,2021,ALLAGE,MALE,71%,VRFY,2017,2021,Most Recent
Saudi Arabia,2021,ALLAGE,BOTHSEX,75%,SCRTY,2017,2021,Most Recent
Saudi Arabia,2021,ALLAGE,MALE,76%,SCRTY,2017,2021,Most Recent
Saudi Arabia,2021,ALLAGE,BOTHSEX,70%,VRFY,2017,2021,Most Recent
Saudi Arabia,2021,ALLAGE,MALE,79%,INST,2017,2021,Most Recent
Saudi Arabia,2021,ALLAGE,FEMALE,79%,INST,2017,2021,Most Recent
Saudi Arabia,2021,ALLAGE,FEMALE,63%,EPRS,2017,2021,Most Recent
Saudi Arabia,2021,ALLAGE,BOTHSEX,79%,INST,2017,2021,Most Recent
Saudi Arabia,2021,ALLAGE,MALE,71%,TRAF,2017,2021,Most Recent
Saudi Arabia,2021,ALLAGE,MALE,90%,SOFT,2017,2021,Most Recent
Saudi Arabia,2021,ALLAGE,FEMALE,71%,TRAF,2017,2021,Most Recent
United Arab Emirates,2016,ALLAGE,BOTHSEX,35%,ARSP,2016,2021,Base
United Arab Emirates,2016,ALLAGE,BOTHSEX,39%,TRAF,2016,2021,Base
United Arab Emirates,2016,ALLAGE,BOTHSEX,87%,CMFL,2016,2021,Base
United Arab Emirates,2016,ALLAGE,BOTHSEX,11%,PCPR,2016,2021,Base
United Arab Emirates,2016,ALLAGE,BOTHSEX,32%,EPRS,2016,2021,Base
United Arab Emirates,2016,ALLAGE,BOTHSEX,61%,COPA,2016,2021,Base
United Arab Emirates,2016,ALLAGE,BOTHSEX,67%,EMAIL,2016,2021,Base
United Arab Emirates,2016,ALLAGE,BOTHSEX,33%,SOFT,2016,2021,Base
United Arab Emirates,2016,ALLAGE,BOTHSEX,36%,INST,2016,2021,Base
United Arab Emirates,2021,15-24,BOTHSEX,56%,EPRS,2016,2021,Most Recent
United Arab Emirates,2021,15-24,BOTHSEX,87%,INST,2016,2021,Most Recent
United Arab Emirates,2021,15-24,FEMALE,78%,INST,2016,2021,Most Recent
United Arab Emirates,2021,25-74,MALE,65%,VRFY,2016,2021,Most Recent
United Arab Emirates,2021,25-74,FEMALE,65%,VRFY,2016,2021,Most Recent
United Arab Emirates,2021,25-74,BOTHSEX,65%,VRFY,2016,2021,Most Recent
United Arab Emirates,2021,ALLAGE,MALE,100%,COPA,2016,2021,Most Recent
United Arab Emirates,2021,25-74,FEMALE,24%,PCPR,2016,2021,Most Recent
United Arab Emirates,2021,ALLAGE,BOTHSEX,100%,COPA,2016,2021,Most Recent
United Arab Emirates,2021,15-24,BOTHSEX,23%,PCPR,2016,2021,Most Recent
United Arab Emirates,2021,ALLAGE,BOTHSEX,65%,VRFY,2016,2021,Most Recent
United Arab Emirates,2021,ALLAGE,MALE,65%,VRFY,2016,2021,Most Recent
United Arab Emirates,2021,25-74,MALE,91%,INST,2016,2021,Most Recent
United Arab Emirates,2021,ALLAGE,BOTHSEX,87%,INST,2016,2021,Most Recent
United Arab Emirates,2021,25-74,BOTHSEX,87%,INST,2016,2021,Most Recent
United Arab Emirates,2021,ALLAGE,MALE,91%,INST,2016,2021,Most Recent
United Arab Emirates,2021,ALLAGE,MALE,71%,TRAF,2016,2021,Most Recent
United Arab Emirates,2021,ALLAGE,FEMALE,59%,TRAF,2016,2021,Most Recent
United Arab Emirates,2021,ALLAGE,FEMALE,65%,SOFT,2016,2021,Most Recent
United Arab Emirates,2021,ALLAGE,MALE,70%,SOFT,2016,2021,Most Recent
United Arab Emirates,2021,25-74,MALE,70%,SOFT,2016,2021,Most Recent
United Arab Emirates,2021,ALLAGE,FEMALE,54%,EPRS,2016,2021,Most Recent
United Arab Emirates,2021,15-24,FEMALE,54%,EPRS,2016,2021,Most Recent
United Arab Emirates,2021,ALLAGE,MALE,58%,EPRS,2016,2021,Most Recent
United Arab Emirates,2021,25-74,BOTHSEX,98%,EMAIL,2016,2021,Most Recent
United Arab Emirates,2021,15-24,MALE,99%,EMAIL,2016,2021,Most Recent
United Arab Emirates,2021,25-74,MALE,58%,EPRS,2016,2021,Most Recent
United Arab Emirates,2021,ALLAGE,MALE,86%,ARSP,2016,2021,Most Recent
United Arab Emirates,2021,ALLAGE,BOTHSEX,84%,ARSP,2016,2021,Most Recent
United Arab Emirates,2021,ALLAGE,MALE,99%,EMAIL,2016,2021,Most Recent
United Arab Emirates,2021,ALLAGE,FEMALE,80%,ARSP,2016,2021,Most Recent
United Arab Emirates,2021,25-74,MALE,86%,ARSP,2016,2021,Most Recent
United Arab Emirates,2021,25-74,BOTHSEX,84%,ARSP,2016,2021,Most Recent
United Arab Emirates,2021,25-74,FEMALE,80%,ARSP,2016,2021,Most Recent
United Arab Emirates,2021,15-24,FEMALE,80%,ARSP,2016,2021,Most Recent
United Arab Emirates,2021,ALLAGE,BOTHSEX,98%,EMAIL,2016,2021,Most Recent
United Arab Emirates,2021,15-24,FEMALE,100%,COPA,2016,2021,Most Recent
United Arab Emirates,2021,15-24,MALE,100%,COPA,2016,2021,Most Recent
United Arab Emirates,2021,15-24,MALE,91%,INST,2016,2021,Most Recent
United Arab Emirates,2021,15-24,MALE,65%,VRFY,2016,2021,Most Recent
United Arab Emirates,2021,25-74,MALE,22%,PCPR,2016,2021,Most Recent
United Arab Emirates,2021,ALLAGE,FEMALE,24%,PCPR,2016,2021,Most Recent
United Arab Emirates,2021,ALLAGE,MALE,22%,PCPR,2016,2021,Most Recent
United Arab Emirates,2021,ALLAGE,BOTHSEX,22%,PCPR,2016,2021,Most Recent
United Arab Emirates,2021,25-74,BOTHSEX,22%,PCPR,2016,2021,Most Recent
United Arab Emirates,2021,ALLAGE,FEMALE,100%,COPA,2016,2021,Most Recent
United Arab Emirates,2021,15-24,MALE,22%,PCPR,2016,2021,Most Recent
United Arab Emirates,2021,15-24,FEMALE,24%,PCPR,2016,2021,Most Recent
United Arab Emirates,2021,15-24,FEMALE,65%,VRFY,2016,2021,Most Recent
United Arab Emirates,2021,ALLAGE,FEMALE,65%,VRFY,2016,2021,Most Recent
United Arab Emirates,2021,15-24,BOTHSEX,65%,VRFY,2016,2021,Most Recent
United Arab Emirates,2021,ALLAGE,FEMALE,78%,INST,2016,2021,Most Recent
United Arab Emirates,2021,25-74,FEMALE,78%,INST,2016,2021,Most Recent
United Arab Emirates,2021,25-74,MALE,71%,TRAF,2016,2021,Most Recent
United Arab Emirates,2021,15-24,BOTHSEX,84%,ARSP,2016,2021,Most Recent
United Arab Emirates,2021,ALLAGE,BOTHSEX,68%,TRAF,2016,2021,Most Recent
United Arab Emirates,2021,ALLAGE,BOTHSEX,69%,SOFT,2016,2021,Most Recent
United Arab Emirates,2021,15-24,BOTHSEX,97%,EMAIL,2016,2021,Most Recent
United Arab Emirates,2021,15-24,FEMALE,95%,EMAIL,2016,2021,Most Recent
United Arab Emirates,2021,25-74,MALE,100%,COPA,2016,2021,Most Recent
United Arab Emirates,2021,15-24,MALE,58%,EPRS,2016,2021,Most Recent
United Arab Emirates,2021,25-74,BOTHSEX,57%,EPRS,2016,2021,Most Recent
United Arab Emirates,2021,25-74,FEMALE,54%,EPRS,2016,2021,Most Recent
United Arab Emirates,2021,25-74,FEMALE,65%,SOFT,2016,2021,Most Recent
United Arab Emirates,2021,25-74,MALE,99%,EMAIL,2016,2021,Most Recent
United Arab Emirates,2021,ALLAGE,FEMALE,95%,EMAIL,2016,2021,Most Recent
United Arab Emirates,2021,25-74,FEMALE,95%,EMAIL,2016,2021,Most Recent
United Arab Emirates,2021,ALLAGE,BOTHSEX,57%,EPRS,2016,2021,Most Recent
United Arab Emirates,2021,15-24,FEMALE,65%,SOFT,2016,2021,Most Recent
United Arab Emirates,2021,15-24,BOTHSEX,68%,SOFT,2016,2021,Most Recent
United Arab Emirates,2021,25-74,BOTHSEX,69%,SOFT,2016,2021,Most Recent
United Arab Emirates,2021,15-24,MALE,70%,SOFT,2016,2021,Most Recent
United Arab Emirates,2021,25-74,BOTHSEX,100%,COPA,2016,2021,Most Recent
United Arab Emirates,2021,25-74,FEMALE,100%,COPA,2016,2021,Most Recent
United Arab Emirates,2021,15-24,FEMALE,59%,TRAF,2016,2021,Most Recent
United Arab Emirates,2021,15-24,BOTHSEX,67%,TRAF,2016,2021,Most Recent
United Arab Emirates,2021,25-74,BOTHSEX,68%,TRAF,2016,2021,Most Recent
United Arab Emirates,2021,15-24,MALE,71%,TRAF,2016,2021,Most Recent
United Arab Emirates,2021,15-24,MALE,86%,ARSP,2016,2021,Most Recent
United Arab Emirates,2021,15-24,BOTHSEX,100%,COPA,2016,2021,Most Recent
United Arab Emirates,2021,25-74,FEMALE,59%,TRAF,2016,2021,Most Recent
Tunisia,2017,ALLAGE,BOTHSEX,20%,COPA,2017,2019,Base
Tunisia,2017,ALLAGE,BOTHSEX,14%,PCPR,2017,2019,Base
Tunisia,2017,ALLAGE,BOTHSEX,16%,INST,2017,2019,Base
Tunisia,2017,ALLAGE,BOTHSEX,23%,CMFL,2017,2019,Base
Tunisia,2017,ALLAGE,BOTHSEX,18%,EMAIL,2017,2019,Base
Tunisia,2017,ALLAGE,BOTHSEX,15%,TRAF,2017,2019,Base
Tunisia,2017,ALLAGE,BOTHSEX,17%,ARSP,2017,2019,Base
Tunisia,2017,ALLAGE,BOTHSEX,15%,EPRS,2017,2019,Base
Tunisia,2017,ALLAGE,BOTHSEX,15%,SOFT,2017,2019,Base
Tunisia,2019,ALLAGE,BOTHSEX,17%,SOFT,2017,2019,Most Recent
Tunisia,2019,ALLAGE,BOTHSEX,16%,PCPR,2017,2019,Most Recent
Tunisia,2019,ALLAGE,BOTHSEX,26%,CMFL,2017,2019,Most Recent
Tunisia,2019,ALLAGE,BOTHSEX,17%,INST,2017,2019,Most Recent
Tunisia,2019,ALLAGE,BOTHSEX,16%,TRAF,2017,2019,Most Recent
Tunisia,2019,ALLAGE,BOTHSEX,18%,ARSP,2017,2019,Most Recent
Tunisia,2019,ALLAGE,BOTHSEX,21%,EMAIL,2017,2019,Most Recent
Tunisia,2019,ALLAGE,BOTHSEX,23%,COPA,2017,2019,Most Recent
Tunisia,2019,ALLAGE,BOTHSEX,16%,EPRS,2017,2019,Most Recent
Egypt,2014,ALLAGE,FEMALE,1%,INST,2014,2020,Base
Egypt,2014,ALLAGE,FEMALE,0%,EPRS,2014,2020,Base
Egypt,2014,ALLAGE,BOTHSEX,1%,EPRS,2014,2020,Base
Egypt,2014,ALLAGE,BOTHSEX,0%,EPRS,2014,2020,Base
Egypt,2014,15-24,BOTHSEX,2%,SOFT,2014,2020,Base
Egypt,2014,15-24,FEMALE,1%,SOFT,2014,2020,Base
Egypt,2014,15-24,BOTHSEX,2%,INST,2014,2020,Base
Egypt,2014,15-24,FEMALE,2%,INST,2014,2020,Base
Egypt,2014,15-24,MALE,2%,INST,2014,2020,Base
Egypt,2014,<15Y,FEMALE,2%,EMAIL,2014,2020,Base
Egypt,2014,ALLAGE,FEMALE,3%,EMAIL,2014,2020,Base
Egypt,2014,15-24,FEMALE,8%,EMAIL,2014,2020,Base
Egypt,2014,<15Y,MALE,15%,CMFL,2014,2020,Base
Egypt,2014,75+,BOTHSEX,1%,CMFL,2014,2020,Base
Egypt,2014,75+,MALE,2%,CMFL,2014,2020,Base
Egypt,2014,ALLAGE,FEMALE,8%,CMFL,2014,2020,Base
Egypt,2014,ALLAGE,MALE,10%,CMFL,2014,2020,Base
Egypt,2014,ALLAGE,BOTHSEX,9%,CMFL,2014,2020,Base
Egypt,2014,25-74,FEMALE,6%,CMFL,2014,2020,Base
Egypt,2014,<15Y,BOTHSEX,1%,INST,2014,2020,Base
Egypt,2014,<15Y,FEMALE,1%,INST,2014,2020,Base
Egypt,2014,<15Y,MALE,1%,INST,2014,2020,Base
Egypt,2014,ALLAGE,MALE,1%,INST,2014,2020,Base
Egypt,2014,ALLAGE,FEMALE,1%,INST,2014,2020,Base
Egypt,2014,15-24,MALE,19%,CMFL,2014,2020,Base
Egypt,2014,25-74,BOTHSEX,7%,CMFL,2014,2020,Base
Egypt,2014,25-74,MALE,9%,CMFL,2014,2020,Base
Egypt,2014,25-74,FEMALE,0%,EPRS,2014,2020,Base
Egypt,2014,25-74,MALE,1%,EPRS,2014,2020,Base
Egypt,2014,ALLAGE,FEMALE,0%,EPRS,2014,2020,Base
Egypt,2014,ALLAGE,BOTHSEX,1%,SOFT,2014,2020,Base
Egypt,2014,15-24,BOTHSEX,7%,EMAIL,2014,2020,Base
Egypt,2014,ALLAGE,BOTHSEX,11%,CMFL,2014,2020,Base
Egypt,2014,ALLAGE,FEMALE,11%,CMFL,2014,2020,Base
Egypt,2014,ALLAGE,MALE,12%,CMFL,2014,2020,Base
Egypt,2014,ALLAGE,FEMALE,1%,PCPR,2014,2020,Base
Egypt,2014,ALLAGE,FEMALE,2%,TRAF,2014,2020,Base
Egypt,2014,ALLAGE,MALE,3%,TRAF,2014,2020,Base
Egypt,2014,ALLAGE,BOTHSEX,2%,TRAF,2014,2020,Base
Egypt,2014,ALLAGE,FEMALE,3%,TRAF,2014,2020,Base
Egypt,2014,ALLAGE,MALE,4%,TRAF,2014,2020,Base
Egypt,2014,ALLAGE,BOTHSEX,3%,TRAF,2014,2020,Base
Egypt,2014,<15Y,BOTHSEX,1%,ARSP,2014,2020,Base
Egypt,2014,ALLAGE,MALE,3%,TRAF,2014,2020,Base
Egypt,2014,<15Y,FEMALE,2%,ARSP,2014,2020,Base
Egypt,2014,<15Y,MALE,2%,TRAF,2014,2020,Base
Egypt,2014,<15Y,BOTHSEX,2%,TRAF,2014,2020,Base
Egypt,2014,ALLAGE,MALE,4%,EMAIL,2014,2020,Base
Egypt,2014,15-24,BOTHSEX,5%,TRAF,2014,2020,Base
Egypt,2014,15-24,FEMALE,5%,TRAF,2014,2020,Base
Egypt,2014,15-24,MALE,6%,TRAF,2014,2020,Base
Egypt,2014,25-74,BOTHSEX,2%,TRAF,2014,2020,Base
Egypt,2014,ALLAGE,FEMALE,7%,COPA,2014,2020,Base
Egypt,2014,ALLAGE,MALE,8%,COPA,2014,2020,Base
Egypt,2014,ALLAGE,MALE,6%,COPA,2014,2020,Base
Egypt,2014,ALLAGE,BOTHSEX,6%,COPA,2014,2020,Base
Egypt,2014,ALLAGE,MALE,3%,EMAIL,2014,2020,Base
Egypt,2014,15-24,BOTHSEX,2%,PCPR,2014,2020,Base
Egypt,2014,15-24,FEMALE,2%,PCPR,2014,2020,Base
Egypt,2014,15-24,MALE,2%,PCPR,2014,2020,Base
Egypt,2014,<15Y,MALE,8%,COPA,2014,2020,Base
Egypt,2014,<15Y,FEMALE,9%,COPA,2014,2020,Base
Egypt,2014,75+,MALE,1%,ARSP,2014,2020,Base
Egypt,2014,ALLAGE,FEMALE,1%,ARSP,2014,2020,Base
Egypt,2014,ALLAGE,MALE,1%,ARSP,2014,2020,Base
Egypt,2014,ALLAGE,BOTHSEX,1%,ARSP,2014,2020,Base
Egypt,2014,25-74,FEMALE,3%,COPA,2014,2020,Base
Egypt,2014,25-74,MALE,5%,COPA,2014,2020,Base
Egypt,2014,ALLAGE,FEMALE,6%,COPA,2014,2020,Base
Egypt,2014,<15Y,BOTHSEX,9%,COPA,2014,2020,Base
Egypt,2014,15-24,BOTHSEX,12%,COPA,2014,2020,Base
Egypt,2014,<15Y,MALE,2%,EMAIL,2014,2020,Base
Egypt,2014,25-74,MALE,1%,SOFT,2014,2020,Base
Egypt,2014,<15Y,BOTHSEX,1%,EPRS,2014,2020,Base
Egypt,2014,<15Y,FEMALE,1%,EPRS,2014,2020,Base
Egypt,2014,<15Y,MALE,0%,EPRS,2014,2020,Base
Egypt,2014,ALLAGE,MALE,0%,EPRS,2014,2020,Base
Egypt,2014,ALLAGE,FEMALE,0%,EPRS,2014,2020,Base
Egypt,2014,ALLAGE,MALE,0%,EPRS,2014,2020,Base
Egypt,2014,ALLAGE,BOTHSEX,0%,EPRS,2014,2020,Base
Egypt,2014,15-24,MALE,2%,SOFT,2014,2020,Base
Egypt,2014,25-74,BOTHSEX,1%,SOFT,2014,2020,Base
Egypt,2014,25-74,FEMALE,0%,SOFT,2014,2020,Base
Egypt,2014,ALLAGE,MALE,1%,EPRS,2014,2020,Base
Egypt,2014,25-74,MALE,1%,INST,2014,2020,Base
Egypt,2014,25-74,FEMALE,0%,INST,2014,2020,Base
Egypt,2014,25-74,BOTHSEX,1%,INST,2014,2020,Base
Egypt,2014,<15Y,BOTHSEX,2%,EMAIL,2014,2020,Base
Egypt,2014,15-24,MALE,7%,EMAIL,2014,2020,Base
Egypt,2014,25-74,BOTHSEX,3%,EMAIL,2014,2020,Base
Egypt,2014,25-74,FEMALE,2%,EMAIL,2014,2020,Base
Egypt,2014,25-74,MALE,4%,EMAIL,2014,2020,Base
Egypt,2014,<15Y,FEMALE,0%,SOFT,2014,2020,Base
Egypt,2014,<15Y,BOTHSEX,0%,SOFT,2014,2020,Base
Egypt,2014,ALLAGE,FEMALE,0%,SOFT,2014,2020,Base
Egypt,2014,<15Y,FEMALE,15%,CMFL,2014,2020,Base
Egypt,2014,ALLAGE,FEMALE,14%,CMFL,2014,2020,Base
Egypt,2014,ALLAGE,MALE,15%,CMFL,2014,2020,Base
Egypt,2014,ALLAGE,BOTHSEX,14%,CMFL,2014,2020,Base
Egypt,2014,15-24,BOTHSEX,0%,EPRS,2014,2020,Base
Egypt,2014,15-24,FEMALE,0%,EPRS,2014,2020,Base
Egypt,2014,15-24,MALE,1%,EPRS,2014,2020,Base
Egypt,2014,<15Y,BOTHSEX,15%,CMFL,2014,2020,Base
Egypt,2014,25-74,BOTHSEX,0%,EPRS,2014,2020,Base
Egypt,2014,ALLAGE,MALE,1%,INST,2014,2020,Base
Egypt,2014,ALLAGE,BOTHSEX,1%,INST,2014,2020,Base
Egypt,2014,ALLAGE,FEMALE,1%,INST,2014,2020,Base
Egypt,2014,ALLAGE,MALE,1%,INST,2014,2020,Base
Egypt,2014,ALLAGE,BOTHSEX,1%,INST,2014,2020,Base
Egypt,2014,ALLAGE,BOTHSEX,1%,INST,2014,2020,Base
Egypt,2014,15-24,BOTHSEX,19%,CMFL,2014,2020,Base
Egypt,2014,15-24,FEMALE,20%,CMFL,2014,2020,Base
Egypt,2014,<15Y,MALE,1%,SOFT,2014,2020,Base
Egypt,2014,ALLAGE,MALE,1%,SOFT,2014,2020,Base
Egypt,2014,ALLAGE,FEMALE,0%,SOFT,2014,2020,Base
Egypt,2014,ALLAGE,MALE,1%,SOFT,2014,2020,Base
Egypt,2014,ALLAGE,BOTHSEX,0%,SOFT,2014,2020,Base
Egypt,2014,ALLAGE,FEMALE,1%,SOFT,2014,2020,Base
Egypt,2014,ALLAGE,MALE,1%,SOFT,2014,2020,Base
Egypt,2014,ALLAGE,BOTHSEX,1%,SOFT,2014,2020,Base
Egypt,2014,ALLAGE,MALE,1%,PCPR,2014,2020,Base
Egypt,2014,ALLAGE,BOTHSEX,1%,PCPR,2014,2020,Base
Egypt,2014,ALLAGE,FEMALE,2%,PCPR,2014,2020,Base
Egypt,2014,ALLAGE,MALE,2%,PCPR,2014,2020,Base
Egypt,2014,ALLAGE,BOTHSEX,2%,PCPR,2014,2020,Base
Egypt,2014,ALLAGE,BOTHSEX,1%,PCPR,2014,2020,Base
Egypt,2014,75+,BOTHSEX,1%,PCPR,2014,2020,Base
Egypt,2014,<15Y,MALE,1%,PCPR,2014,2020,Base
Egypt,2014,ALLAGE,BOTHSEX,3%,TRAF,2014,2020,Base
Egypt,2014,15-24,BOTHSEX,3%,ARSP,2014,2020,Base
Egypt,2014,15-24,FEMALE,3%,ARSP,2014,2020,Base
Egypt,2014,15-24,MALE,3%,ARSP,2014,2020,Base
Egypt,2014,25-74,BOTHSEX,1%,ARSP,2014,2020,Base
Egypt,2014,25-74,FEMALE,1%,ARSP,2014,2020,Base
Egypt,2014,25-74,MALE,2%,ARSP,2014,2020,Base
Egypt,2014,ALLAGE,FEMALE,1%,ARSP,2014,2020,Base
Egypt,2014,ALLAGE,FEMALE,2%,EMAIL,2014,2020,Base
Egypt,2014,75+,MALE,1%,PCPR,2014,2020,Base
Egypt,2014,25-74,FEMALE,1%,TRAF,2014,2020,Base
Egypt,2014,ALLAGE,BOTHSEX,2%,EMAIL,2014,2020,Base
Egypt,2014,ALLAGE,FEMALE,4%,EMAIL,2014,2020,Base
Egypt,2014,ALLAGE,MALE,6%,EMAIL,2014,2020,Base
Egypt,2014,ALLAGE,BOTHSEX,5%,EMAIL,2014,2020,Base
Egypt,2014,ALLAGE,BOTHSEX,4%,EMAIL,2014,2020,Base
Egypt,2014,ALLAGE,BOTHSEX,8%,COPA,2014,2020,Base
Egypt,2014,ALLAGE,BOTHSEX,7%,COPA,2014,2020,Base
Egypt,2014,25-74,MALE,3%,TRAF,2014,2020,Base
Egypt,2014,ALLAGE,FEMALE,2%,TRAF,2014,2020,Base
Egypt,2014,<15Y,FEMALE,2%,TRAF,2014,2020,Base
Egypt,2014,<15Y,MALE,1%,ARSP,2014,2020,Base
Egypt,2014,ALLAGE,MALE,2%,ARSP,2014,2020,Base
Egypt,2014,75+,BOTHSEX,1%,ARSP,2014,2020,Base
Egypt,2014,25-74,BOTHSEX,1%,PCPR,2014,2020,Base
Egypt,2014,25-74,FEMALE,1%,PCPR,2014,2020,Base
Egypt,2014,25-74,MALE,2%,PCPR,2014,2020,Base
Egypt,2014,ALLAGE,FEMALE,1%,PCPR,2014,2020,Base
Egypt,2014,<15Y,BOTHSEX,1%,PCPR,2014,2020,Base
Egypt,2014,<15Y,FEMALE,1%,PCPR,2014,2020,Base
Egypt,2014,ALLAGE,FEMALE,5%,COPA,2014,2020,Base
Egypt,2014,ALLAGE,MALE,7%,COPA,2014,2020,Base
Egypt,2014,ALLAGE,FEMALE,2%,ARSP,2014,2020,Base
Egypt,2014,ALLAGE,MALE,2%,ARSP,2014,2020,Base
Egypt,2014,ALLAGE,BOTHSEX,2%,ARSP,2014,2020,Base
Egypt,2014,ALLAGE,MALE,2%,PCPR,2014,2020,Base
Egypt,2014,ALLAGE,BOTHSEX,2%,ARSP,2014,2020,Base
Egypt,2014,15-24,FEMALE,13%,COPA,2014,2020,Base
Egypt,2014,15-24,MALE,12%,COPA,2014,2020,Base
Egypt,2014,25-74,BOTHSEX,4%,COPA,2014,2020,Base
Egypt,2020,ALLAGE,BOTHSEX,64%,SOFT,2014,2020,Most Recent
Egypt,2020,ALLAGE,BOTHSEX,44%,PRVCY,2014,2020,Most Recent
Egypt,2020,ALLAGE,BOTHSEX,45%,SCRTY,2014,2020,Most Recent
Egypt,2020,ALLAGE,BOTHSEX,45%,VRFY,2014,2020,Most Recent
Egypt,2020,ALLAGE,BOTHSEX,11%,PCPR,2014,2020,Most Recent
Egypt,2020,ALLAGE,BOTHSEX,62%,COPA,2014,2020,Most Recent
Egypt,2020,ALLAGE,BOTHSEX,57%,INST,2014,2020,Most Recent
Egypt,2020,ALLAGE,BOTHSEX,27%,EPRS,2014,2020,Most Recent
Egypt,2020,ALLAGE,BOTHSEX,75%,EMAIL,2014,2020,Most Recent
Egypt,2020,ALLAGE,BOTHSEX,23%,ARSP,2014,2020,Most Recent
Egypt,2020,ALLAGE,BOTHSEX,57%,TRAF,2014,2020,Most Recent
